id,first_name,last_name,gender,email,website_domain,website_country,ip_address,ip_type,ip_class
1,Margaretta,Laughtisse,Genderfluid,mlaughtisse0@mediafire.com,commercial,,34.148.232.131,public,A
2,Vally,Garment,Bigender,vgarment1@wisc.edu,education,,15.158.123.36,public,A
3,Tessa,Curee,Bigender,tcuree2@php.net,network,,132.209.143.225,public,B
4,Arman,Heineking,Male,aheineking3@tuttocitta.it,,Italy,157.110.61.233,public,B
5,Roselia,Trustie,Non-binary,rtrustie4@ft.com,commercial,,49.55.218.81,public,A
6,Roxie,Springett,Male,rspringett5@deviantart.com,commercial,,51.206.104.138,public,A
7,Gabi,Kernell,Female,gkernell6@hugedomains.com,commercial,,223.30.27.146,public,C
8,Dino,Kentwell,Agender,dkentwell7@com.com,commercial,,107.244.52.181,public,A
9,Petronilla,Jandel,Female,pjandel8@amazon.co.uk,,Colombia,187.54.208.203,public,B
10,Courtnay,Zecchinelli,Genderfluid,czecchinelli9@cam.ac.uk,,,80.96.245.191,public,A
11,Sunny,Kennermann,Genderqueer,skennermanna@quantcast.com,commercial,,211.13.246.106,public,C
12,Dayle,McCrachen,Genderqueer,dmccrachenb@booking.com,commercial,,159.232.55.236,public,B
13,Cassie,Perschke,Genderqueer,cperschkec@goo.gl,,Greenland,193.62.46.4,public,C
14,Roshelle,Peskin,Genderqueer,rpeskind@patch.com,commercial,,108.180.147.192,public,A
15,Carlie,Simonnot,Female,csimonnote@surveymonkey.com,commercial,,220.154.167.3,public,C
16,Gan,Siuda,Agender,gsiudaf@ucoz.ru,,Russian Federation,118.117.172.157,public,A
17,Klarika,Filimore,Agender,kfilimoreg@creativecommons.org,organization,,16.111.119.168,public,A
18,Lennie,Bilbrook,Bigender,lbilbrookh@hatena.ne.jp,,Japan,162.30.71.206,public,B
19,August,Cristoforo,Genderfluid,acristoforoi@goo.ne.jp,,Japan,30.231.88.242,public,A
20,Avrit,Milburne,Bigender,amilburnej@yahoo.com,commercial,,186.73.151.205,public,B
21,Freeland,Sperling,Genderqueer,fsperlingk@a8.net,network,,107.242.151.123,public,A
22,Brice,Elintune,Non-binary,belintunel@mlb.com,commercial,,217.244.45.24,public,C
23,Tobi,Paskell,Genderqueer,tpaskellm@reference.com,commercial,,199.92.204.85,public,C
24,Silvio,Mewett,Bigender,smewettn@theatlantic.com,commercial,,6.244.103.47,public,A
25,Moselle,Warnes,Genderqueer,mwarneso@noaa.gov,US Government,,175.199.5.135,public,B
26,Lauri,Duchenne,Bigender,lduchennep@gizmodo.com,commercial,,140.239.46.15,public,B
27,Callie,Crilley,Bigender,ccrilleyq@naver.com,commercial,,2.188.87.210,public,A
28,Levon,Pawels,Male,lpawelsr@oracle.com,commercial,,100.164.184.73,public,A
29,Artemis,Huygens,Non-binary,ahuygenss@php.net,network,,76.174.131.206,public,A
30,Bertrando,Churchill,Male,bchurchillt@cbsnews.com,commercial,,40.191.84.156,public,A
31,Cammy,Dorset,Non-binary,cdorsetu@google.pl,,Poland,91.89.237.13,public,A
32,Burr,Hrus,Genderqueer,bhrusv@guardian.co.uk,,Colombia,49.225.237.31,public,A
33,Hannie,Wattisham,Male,hwattishamw@tinyurl.com,commercial,,133.131.49.90,public,B
34,Saunder,McAline,Non-binary,smcalinex@cdbaby.com,commercial,,106.89.207.81,public,A
35,Port,Espinho,Male,pespinhoy@springer.com,commercial,,54.247.6.58,public,A
36,Ozzy,Penrice,Agender,openricez@github.io,,British Indian Ocean Territory,141.216.205.27,public,B
37,Brita,Stangoe,Bigender,bstangoe10@free.fr,,France,95.182.215.54,public,A
38,Francisca,Pelosi,Non-binary,fpelosi11@trellian.com,commercial,,165.62.25.157,public,B
39,Basil,Hammarberg,Genderfluid,bhammarberg12@ifeng.com,commercial,,143.191.243.251,public,B
40,Marice,Hawkridge,Female,mhawkridge13@tripod.com,commercial,,105.49.49.68,public,A
41,Dawn,Heugle,Male,dheugle14@bloomberg.com,commercial,,42.167.11.175,public,A
42,Ulysses,Hunsworth,Genderfluid,uhunsworth15@sourceforge.net,network,,156.183.22.240,public,B
43,Jose,Harmeston,Female,jharmeston16@salon.com,commercial,,160.79.96.30,public,B
44,Gerda,McGlone,Male,gmcglone17@goo.gl,,Greenland,116.172.154.0,public,A
45,Gearard,Ingilson,Female,gingilson18@hao123.com,commercial,,229.233.176.110,public,D
46,Serge,Claw,Female,sclaw19@comcast.net,network,,154.252.175.71,public,B
47,Brion,Mcettrick,Genderqueer,bmcettrick1a@edublogs.org,organization,,123.191.173.7,public,A
48,Hoyt,Jahndel,Non-binary,hjahndel1b@ucsd.edu,education,,3.188.110.201,public,A
49,Angus,Sime,Non-binary,asime1c@edublogs.org,organization,,83.132.196.228,public,A
50,Adolpho,Toal,Non-binary,atoal1d@intel.com,commercial,,96.121.42.172,public,A
51,Debora,Coupar,Genderfluid,dcoupar1e@senate.gov,US Government,,203.61.158.215,public,C
52,Gretta,Bernocchi,Male,gbernocchi1f@shutterfly.com,commercial,,96.154.223.166,public,A
53,Hedwiga,Jacobsen,Female,hjacobsen1g@163.com,commercial,,89.192.10.67,public,A
54,Bryana,Castanos,Non-binary,bcastanos1h@dion.ne.jp,,Japan,24.246.158.20,public,A
55,Kermy,Totman,Agender,ktotman1i@nih.gov,US Government,,67.17.44.196,public,A
56,Elke,Parlor,Polygender,eparlor1j@ebay.com,commercial,,255.139.102.148,private,
57,Megan,Janssen,Genderqueer,mjanssen1k@toplist.cz,,Czech Republic,231.18.28.42,public,D
58,Eugene,Cadell,Male,ecadell1l@cmu.edu,education,,61.170.152.168,public,A
59,Timothee,Gouth,Agender,tgouth1m@hatena.ne.jp,,Japan,93.234.224.18,public,A
60,Alano,Crassweller,Agender,acrassweller1n@noaa.gov,US Government,,143.91.213.38,public,B
61,Allegra,Annand,Non-binary,aannand1o@wikispaces.com,commercial,,251.70.86.184,private,
62,Rafaellle,Le Maitre,Agender,rlemaitre1p@auda.org.au,organization,Australia,154.248.126.153,public,B
63,Noreen,Hurle,Bigender,nhurle1q@sohu.com,commercial,,159.173.68.228,public,B
64,Dur,Belliard,Genderqueer,dbelliard1r@seattletimes.com,commercial,,28.102.133.140,public,A
65,Benedicta,Fellowes,Bigender,bfellowes1s@hao123.com,commercial,,195.226.246.163,public,C
66,Pietro,MacDearmaid,Genderqueer,pmacdearmaid1t@indiatimes.com,commercial,,156.221.126.127,public,B
67,Zerk,Rowley,Agender,zrowley1u@mozilla.org,organization,,240.223.137.91,private,
68,Shell,Facer,Non-binary,sfacer1v@mapquest.com,commercial,,109.1.125.147,public,A
69,Goldarina,Doneld,Male,gdoneld1w@tiny.cc,,Cocos (Keeling) Islands,47.235.5.23,public,A
70,Gustavo,Wallentin,Bigender,gwallentin1x@jalbum.net,network,,27.6.208.253,public,A
71,Leif,Wooffinden,Genderqueer,lwooffinden1y@fc2.com,commercial,,116.217.209.96,public,A
72,Lorne,Chaulk,Non-binary,lchaulk1z@psu.edu,education,,50.185.12.141,public,A
73,Carlynn,Stelfox,Agender,cstelfox20@sbwire.com,commercial,,130.251.156.40,public,B
74,Locke,Hainning,Genderfluid,lhainning21@sitemeter.com,commercial,,16.186.204.139,public,A
75,Gweneth,Stubbings,Non-binary,gstubbings22@unesco.org,organization,,57.90.203.209,public,A
76,Talya,Caines,Male,tcaines23@is.gd,,Grenada,10.187.212.124,private,A
77,Dave,Linnitt,Male,dlinnitt24@smugmug.com,commercial,,52.181.193.154,public,A
78,Dinnie,Rubinsztein,Genderqueer,drubinsztein25@state.tx.us,,United States,20.172.230.157,public,A
79,Angelina,Kubera,Female,akubera26@addtoany.com,commercial,,203.168.12.5,public,C
80,Fredi,Spirritt,Genderqueer,fspirritt27@tripod.com,commercial,,116.209.64.138,public,A
81,Rheta,Struss,Bigender,rstruss28@alibaba.com,commercial,,198.197.202.35,public,C
82,Marie,Lorentz,Non-binary,mlorentz29@umich.edu,education,,196.34.190.26,public,C
83,Avril,Wisniowski,Genderfluid,awisniowski2a@youtu.be,,Belgium,225.220.254.179,public,D
84,Jimmie,Yakebovich,Non-binary,jyakebovich2b@example.com,commercial,,180.163.123.54,public,B
85,Lissy,Claricoates,Genderqueer,lclaricoates2c@exblog.jp,,Japan,146.6.4.243,public,B
86,Zelma,Boss,Polygender,zboss2d@blogspot.com,commercial,,55.36.158.233,public,A
87,Chase,Finey,Bigender,cfiney2e@umn.edu,education,,100.245.181.117,public,A
88,Hubert,Rogez,Female,hrogez2f@cnbc.com,commercial,,191.200.176.32,public,B
89,Eldin,Deboy,Male,edeboy2g@mit.edu,education,,223.207.89.178,public,C
90,Ellie,Cliff,Male,ecliff2h@chron.com,commercial,,52.140.200.79,public,A
91,Julie,Ploughwright,Bigender,jploughwright2i@oaic.gov.au,US Government,Australia,56.160.253.112,public,A
92,Dun,O'Caherny,Bigender,docaherny2j@bloglines.com,commercial,,129.130.171.245,public,B
93,Ike,Abramchik,Agender,iabramchik2k@yale.edu,education,,141.143.30.147,public,B
94,Sofie,McComiskey,Non-binary,smccomiskey2l@webmd.com,commercial,,218.19.243.90,public,C
95,Hakeem,Jenner,Agender,hjenner2m@bbb.org,organization,,101.115.94.88,public,A
96,Carolina,Doughartie,Non-binary,cdoughartie2n@comsenz.com,commercial,,183.251.235.59,public,B
97,Ailbert,Collyer,Bigender,acollyer2o@pcworld.com,commercial,,236.141.194.145,public,D
98,Vale,Kimmerling,Agender,vkimmerling2p@macromedia.com,commercial,,209.200.180.202,public,C
99,Leila,Ebbing,Male,lebbing2q@jigsy.com,commercial,,131.130.158.62,public,B
100,Stewart,Trahear,Genderfluid,strahear2r@biglobe.ne.jp,,Japan,76.239.101.7,public,A
101,Myer,McCrudden,Female,mmccrudden2s@ed.gov,US Government,,117.164.113.219,public,A
102,Felisha,Craister,Female,fcraister2t@ifeng.com,commercial,,116.156.20.69,public,A
103,Hilary,Kulis,Bigender,hkulis2u@github.com,commercial,,208.186.122.220,public,C
104,Sada,Mullaney,Polygender,smullaney2v@topsy.com,commercial,,153.241.248.155,public,B
105,Linell,Brownstein,Male,lbrownstein2w@wikispaces.com,commercial,,102.227.76.125,public,A
106,Dacey,Winslett,Polygender,dwinslett2x@xrea.com,commercial,,24.254.95.170,public,A
107,Leupold,Jilkes,Female,ljilkes2y@reference.com,commercial,,204.193.8.162,public,C
108,Darice,Beardshaw,Agender,dbeardshaw2z@ihg.com,commercial,,98.17.30.254,public,A
109,Rosa,Barttrum,Bigender,rbarttrum30@ezinearticles.com,commercial,,217.52.165.33,public,C
110,Georgie,Billham,Female,gbillham31@uiuc.edu,education,,251.29.79.102,private,
111,Ara,Jaslem,Female,ajaslem32@google.com.au,commercial,Australia,146.45.16.234,public,B
112,Brandea,Mitskevich,Genderqueer,bmitskevich33@domainmarket.com,commercial,,104.251.71.91,public,A
113,Glendon,Khidr,Genderfluid,gkhidr34@gizmodo.com,commercial,,139.245.44.149,public,B
114,Mildrid,Lindenstrauss,Genderqueer,mlindenstrauss35@nymag.com,commercial,,193.4.59.44,public,C
115,Renee,Cocks,Bigender,rcocks36@latimes.com,commercial,,72.37.204.222,public,A
116,Rich,Kristoffersson,Bigender,rkristoffersson37@vinaora.com,commercial,,4.50.109.237,public,A
117,Josiah,Praill,Genderqueer,jpraill38@privacy.gov.au,US Government,Australia,198.131.37.73,public,C
118,Cyrillus,Eastby,Female,ceastby39@nytimes.com,commercial,,12.138.125.111,public,A
119,Mitchell,Pietersen,Female,mpietersen3a@tumblr.com,commercial,,172.226.152.216,public,B
120,Jessa,Purkis,Agender,jpurkis3b@linkedin.com,commercial,,46.68.80.192,public,A
121,Baillie,Ierland,Bigender,bierland3c@pcworld.com,commercial,,230.236.254.207,public,D
122,Drud,Livermore,Non-binary,dlivermore3d@wordpress.org,organization,,181.153.193.13,public,B
123,Rose,Strang,Genderqueer,rstrang3e@tinyurl.com,commercial,,163.87.113.109,public,B
124,Ingrim,Danick,Non-binary,idanick3f@va.gov,US Government,Holy See (Vatican City State),42.137.215.126,public,A
125,Suzann,Callendar,Genderfluid,scallendar3g@hhs.gov,US Government,,137.147.23.191,public,B
126,Powell,Spaldin,Agender,pspaldin3h@weebly.com,commercial,,240.92.69.129,private,
127,Marven,Levick,Bigender,mlevick3i@people.com.cn,commercial,China,2.124.143.198,public,A
128,Cherise,Pollock,Agender,cpollock3j@storify.com,commercial,,113.114.92.83,public,A
129,Hubey,Skim,Genderfluid,hskim3k@engadget.com,commercial,,25.191.239.97,public,A
130,Daren,Wank,Polygender,dwank3l@tiny.cc,,Cocos (Keeling) Islands,86.112.125.4,public,A
131,Armin,Ehrat,Bigender,aehrat3m@mac.com,commercial,,212.215.132.202,public,C
132,Melany,Jorissen,Non-binary,mjorissen3n@bloglines.com,commercial,,194.81.141.143,public,C
133,Nap,Sinfield,Male,nsinfield3o@nydailynews.com,commercial,,209.193.86.180,public,C
134,Calv,Greenway,Female,cgreenway3p@nsw.gov.au,US Government,Australia,110.232.14.165,public,A
135,Aubry,Nourse,Bigender,anourse3q@adobe.com,commercial,,206.55.46.104,public,C
136,Gilberte,Draayer,Male,gdraayer3r@aboutads.info,,,135.23.31.248,public,B
137,Romona,Weaben,Male,rweaben3s@umn.edu,education,,94.111.232.126,public,A
138,Freeman,Stango,Bigender,fstango3t@washingtonpost.com,commercial,,53.204.45.61,public,A
139,Lion,Shirrell,Genderqueer,lshirrell3u@thetimes.co.uk,,Colombia,167.39.16.157,public,B
140,Piper,Eitter,Genderfluid,peitter3v@state.tx.us,,United States,15.103.171.144,public,A
141,Skipton,Witsey,Polygender,switsey3w@e-recht24.de,,Germany,73.89.228.206,public,A
142,Krispin,Gorelli,Male,kgorelli3x@google.co.jp,,Japan,229.59.208.145,public,D
143,Mattie,Wernher,Female,mwernher3y@weebly.com,commercial,,89.32.49.85,public,A
144,Georgianne,Caldeyroux,Agender,gcaldeyroux3z@jiathis.com,commercial,,192.250.180.150,public,C
145,Sollie,Wassung,Genderfluid,swassung40@woothemes.com,commercial,,173.65.64.125,public,B
146,Sallee,Hudspith,Genderqueer,shudspith41@va.gov,US Government,Holy See (Vatican City State),247.217.14.173,private,
147,Roslyn,Sopp,Male,rsopp42@last.fm,,"Micronesia, Federated States of",194.166.235.79,public,C
148,Blinny,Mitchelhill,Male,bmitchelhill43@ftc.gov,US Government,,242.169.22.186,private,
149,Essy,Sturney,Male,esturney44@comsenz.com,commercial,,108.83.114.213,public,A
150,Joyous,La Vigne,Polygender,jlavigne45@weather.com,commercial,,151.85.99.202,public,B
151,Adolpho,Dorro,Female,adorro46@usda.gov,US Government,,84.121.118.178,public,A
152,Berke,Wadmore,Male,bwadmore47@blogspot.com,commercial,,195.193.157.134,public,C
153,Flemming,Ailsbury,Non-binary,failsbury48@blogtalkradio.com,commercial,,20.60.231.95,public,A
154,Shaw,Bing,Genderfluid,sbing49@people.com.cn,commercial,China,17.194.41.188,public,A
155,Franky,Caspell,Polygender,fcaspell4a@rediff.com,commercial,,165.204.66.203,public,B
156,Danya,Malcher,Genderfluid,dmalcher4b@statcounter.com,commercial,,0.160.39.186,private,
157,Vail,Cossington,Genderfluid,vcossington4c@photobucket.com,commercial,,60.91.230.165,public,A
158,Byram,Zavattero,Bigender,bzavattero4d@geocities.com,commercial,,72.164.138.139,public,A
159,Neil,Addlestone,Bigender,naddlestone4e@hexun.com,commercial,,55.80.184.121,public,A
160,Karl,McArthur,Genderfluid,kmcarthur4f@google.cn,,China,66.216.201.182,public,A
161,Ermina,Ledgister,Male,eledgister4g@homestead.com,commercial,,107.237.145.113,public,A
162,Padriac,McGlaughn,Non-binary,pmcglaughn4h@xing.com,commercial,,182.67.52.6,public,B
163,Domenic,Scriver,Bigender,dscriver4i@chicagotribune.com,commercial,,178.174.75.33,public,B
164,Wells,Barnes,Agender,wbarnes4j@yahoo.co.jp,,Japan,119.125.116.224,public,A
165,Bill,Mulqueen,Genderfluid,bmulqueen4k@squarespace.com,commercial,,165.247.114.68,public,B
166,Leoine,Baccus,Bigender,lbaccus4l@ask.com,commercial,,85.230.5.231,public,A
167,Sophronia,Maris,Genderfluid,smaris4m@paypal.com,commercial,,159.181.115.18,public,B
168,Byrom,Maiklem,Polygender,bmaiklem4n@usda.gov,US Government,,248.76.32.42,private,
169,Eleonora,Highwood,Agender,ehighwood4o@cpanel.net,network,,156.81.72.91,public,B
170,Franz,Halshaw,Female,fhalshaw4p@delicious.com,commercial,,196.21.7.77,public,C
171,Phyllida,Hark,Male,phark4q@google.com,commercial,,56.90.37.70,public,A
172,Shurwood,Staite,Female,sstaite4r@ezinearticles.com,commercial,,80.166.30.65,public,A
173,Dilly,Garioch,Agender,dgarioch4s@skyrock.com,commercial,,176.115.4.68,public,B
174,Dudley,Lempel,Non-binary,dlempel4t@wufoo.com,commercial,,206.56.202.122,public,C
175,Bruce,Digance,Bigender,bdigance4u@blogs.com,commercial,,96.81.141.250,public,A
176,Karrah,Mayhou,Polygender,kmayhou4v@cpanel.net,network,,87.39.244.164,public,A
177,Vale,Erni,Agender,verni4w@foxnews.com,commercial,,134.79.17.240,public,B
178,Basile,St. Ledger,Non-binary,bstledger4x@home.pl,,Poland,164.2.173.45,public,B
179,Allison,Menego,Polygender,amenego4y@npr.org,organization,,248.181.6.238,private,
180,Vera,Durden,Genderfluid,vdurden4z@mashable.com,commercial,,101.14.127.69,public,A
181,Carlo,Coffey,Male,ccoffey50@hhs.gov,US Government,,83.76.160.192,public,A
182,Erroll,Verdey,Genderqueer,everdey51@drupal.org,organization,,148.186.7.248,public,B
183,Rosene,Lonie,Male,rlonie52@homestead.com,commercial,,7.74.108.249,public,A
184,Tillie,Fairnington,Polygender,tfairnington53@t-online.de,,Germany,158.83.201.138,public,B
185,Valdemar,Breadmore,Agender,vbreadmore54@blog.com,commercial,,21.16.239.137,public,A
186,Carry,Goodinson,Genderfluid,cgoodinson55@eepurl.com,commercial,,87.69.104.9,public,A
187,Vivianne,Copperwaite,Polygender,vcopperwaite56@disqus.com,commercial,,44.181.165.207,public,A
188,Tailor,Craddock,Polygender,tcraddock57@oakley.com,commercial,,227.198.183.98,public,D
189,Katheryn,Menear,Male,kmenear58@drupal.org,organization,,245.57.74.221,private,
190,Mikael,Antusch,Genderqueer,mantusch59@trellian.com,commercial,,136.219.218.34,public,B
191,Toby,Pyett,Female,tpyett5a@miibeian.gov.cn,US Government,China,230.202.255.42,public,D
192,Jessika,Howsley,Genderqueer,jhowsley5b@indiatimes.com,commercial,,2.245.75.225,public,A
193,Agneta,Summersby,Bigender,asummersby5c@boston.com,commercial,,143.111.93.84,public,B
194,Flemming,McArte,Female,fmcarte5d@seesaa.net,network,,157.72.6.226,public,B
195,Curcio,Dahmke,Genderfluid,cdahmke5e@over-blog.com,commercial,,58.96.178.106,public,A
196,Kathye,Todarini,Polygender,ktodarini5f@virginia.edu,education,,85.61.210.136,public,A
197,Cristobal,Corteis,Male,ccorteis5g@sakura.ne.jp,,Japan,103.169.151.221,public,A
198,Willette,Cowhig,Female,wcowhig5h@nba.com,commercial,,129.193.83.150,public,B
199,Josephine,Firle,Genderqueer,jfirle5i@goo.ne.jp,,Japan,198.243.125.98,public,C
200,Vikky,Burling,Genderqueer,vburling5j@vkontakte.ru,,Russian Federation,173.158.254.7,public,B
201,Georgine,Baiyle,Agender,gbaiyle5k@lulu.com,commercial,,121.82.5.121,public,A
202,Cary,McDuff,Polygender,cmcduff5l@nasa.gov,US Government,,13.114.88.15,public,A
203,Vinny,Kennedy,Female,vkennedy5m@amazon.com,commercial,,238.47.91.49,public,D
204,Cam,Bengefield,Male,cbengefield5n@shutterfly.com,commercial,,14.100.140.211,public,A
205,Rhoda,Sweatland,Female,rsweatland5o@dot.gov,US Government,,77.178.57.159,public,A
206,Giffard,Geke,Bigender,ggeke5p@ask.com,commercial,,148.21.63.219,public,B
207,Massimiliano,Hearnah,Bigender,mhearnah5q@google.ru,,Russian Federation,91.49.148.204,public,A
208,Perren,Donohoe,Polygender,pdonohoe5r@topsy.com,commercial,,5.7.250.48,public,A
209,Glen,Gniewosz,Polygender,ggniewosz5s@si.edu,education,Slovenia,6.210.92.228,public,A
210,Lyn,Date,Male,ldate5t@wikipedia.org,organization,,168.114.253.113,public,B
211,Teena,Bullivent,Genderqueer,tbullivent5u@wufoo.com,commercial,,173.98.20.91,public,B
212,Domenico,Snary,Genderfluid,dsnary5v@shinystat.com,commercial,,105.40.130.119,public,A
213,Marilyn,Kleeman,Female,mkleeman5w@unicef.org,organization,,194.50.54.16,public,C
214,Genvieve,Bourchier,Genderqueer,gbourchier5x@nhs.uk,,,219.239.194.201,public,C
215,Patrizio,Roberto,Non-binary,proberto5y@addtoany.com,commercial,,202.19.114.74,public,C
216,Hailey,Lanaway,Bigender,hlanaway5z@xinhuanet.com,commercial,,65.79.95.58,public,A
217,Chalmers,Manilow,Polygender,cmanilow60@imdb.com,commercial,,89.143.80.25,public,A
218,Grannie,Jahnel,Non-binary,gjahnel61@un.org,organization,,82.41.117.48,public,A
219,Zacherie,Borge,Male,zborge62@google.co.uk,,Colombia,137.140.163.26,public,B
220,Aubrie,Brisse,Polygender,abrisse63@vinaora.com,commercial,,91.121.74.137,public,A
221,Evita,Sowten,Non-binary,esowten64@yellowbook.com,commercial,,33.170.227.175,public,A
222,Becka,McGeraghty,Genderqueer,bmcgeraghty65@geocities.jp,,Japan,201.155.43.236,public,C
223,Ronnie,Cawsy,Genderqueer,rcawsy66@tamu.edu,education,,187.89.135.123,public,B
224,Nelly,Proger,Polygender,nproger67@phpbb.com,commercial,,237.250.9.35,public,D
225,Moselle,Daintry,Non-binary,mdaintry68@yahoo.com,commercial,,11.188.24.232,public,A
226,Kirstin,Lukins,Agender,klukins69@wp.com,commercial,,196.235.144.71,public,C
227,Sybil,Wolledge,Male,swolledge6a@omniture.com,commercial,,195.20.200.239,public,C
228,Elonore,Pietesch,Male,epietesch6b@xrea.com,commercial,,231.159.193.62,public,D
229,Meir,Billanie,Bigender,mbillanie6c@mlb.com,commercial,,27.104.50.65,public,A
230,Pepito,Yitzhakof,Bigender,pyitzhakof6d@jigsy.com,commercial,,229.206.66.42,public,D
231,Candide,Salazar,Genderqueer,csalazar6e@usa.gov,US Government,,59.245.134.191,public,A
232,Tremaine,Goldhawk,Non-binary,tgoldhawk6f@icio.us,,United States,29.124.160.77,public,A
233,Jaymee,McVicker,Genderqueer,jmcvicker6g@marriott.com,commercial,,103.87.180.80,public,A
234,Melonie,Kuhne,Female,mkuhne6h@opensource.org,organization,,45.85.184.170,public,A
235,Cecilius,Greenard,Non-binary,cgreenard6i@twitpic.com,commercial,,193.47.165.165,public,C
236,Gregoor,Potier,Bigender,gpotier6j@usda.gov,US Government,,243.126.245.114,private,
237,Charley,Bridson,Genderqueer,cbridson6k@psu.edu,education,,2.71.117.28,public,A
238,Andrey,Le Moucheux,Female,alemoucheux6l@reddit.com,commercial,,99.58.171.122,public,A
239,Myca,Esterbrook,Agender,mesterbrook6m@fema.gov,US Government,,217.118.225.234,public,C
240,Zeke,Hindmore,Agender,zhindmore6n@wufoo.com,commercial,,0.31.65.194,private,
241,Annadiana,Starzaker,Polygender,astarzaker6o@csmonitor.com,commercial,,26.124.136.50,public,A
242,Dorry,Pitcaithly,Non-binary,dpitcaithly6p@businessweek.com,commercial,,93.222.118.116,public,A
243,Gray,Otridge,Female,gotridge6q@walmart.com,commercial,,40.243.182.170,public,A
244,Jazmin,McDonnell,Male,jmcdonnell6r@indiatimes.com,commercial,,101.32.122.200,public,A
245,Deanne,Tortis,Agender,dtortis6s@xrea.com,commercial,,77.248.80.14,public,A
246,Worth,Lordon,Female,wlordon6t@nature.com,commercial,,101.239.47.123,public,A
247,Latrena,Kitteridge,Polygender,lkitteridge6u@illinois.edu,education,,238.166.211.104,public,D
248,Morganne,Smurfit,Bigender,msmurfit6v@samsung.com,commercial,,222.57.211.145,public,C
249,Mordy,Dullingham,Agender,mdullingham6w@mlb.com,commercial,,215.78.167.146,public,C
250,Daisie,Allardyce,Bigender,dallardyce6x@youtu.be,,Belgium,190.178.161.47,public,B
251,Sissy,Eshelby,Polygender,seshelby6y@wiley.com,commercial,,207.47.142.179,public,C
252,Bryana,Escott,Agender,bescott6z@blogtalkradio.com,commercial,,71.254.110.239,public,A
253,Madelyn,Pinar,Genderqueer,mpinar70@opera.com,commercial,,209.231.69.194,public,C
254,Dinny,Joinson,Genderqueer,djoinson71@mac.com,commercial,,220.153.23.50,public,C
255,Eleanor,Neill,Female,eneill72@booking.com,commercial,,243.197.192.10,private,
256,Patrick,Neissen,Female,pneissen73@so-net.ne.jp,,Japan,92.184.72.233,public,A
257,Gale,Jerratsch,Male,gjerratsch74@bigcartel.com,commercial,,77.83.226.167,public,A
258,Laurel,Colthurst,Genderfluid,lcolthurst75@howstuffworks.com,commercial,,16.88.248.118,public,A
259,Jackie,Avey,Genderfluid,javey76@wikimedia.org,organization,,126.158.155.14,public,A
260,See,Banasik,Genderfluid,sbanasik77@odnoklassniki.ru,,Russian Federation,71.119.73.230,public,A
261,Juditha,Seagrave,Genderqueer,jseagrave78@noaa.gov,US Government,,169.225.243.27,public,B
262,Kevan,Denerley,Female,kdenerley79@flavors.me,,Montenegro,43.239.121.145,public,A
263,Abbye,Prover,Bigender,aprover7a@gravatar.com,commercial,,174.56.201.229,public,B
264,Kayla,MacEveley,Polygender,kmaceveley7b@myspace.com,commercial,,170.217.248.234,public,B
265,Clerkclaude,Arnaudet,Female,carnaudet7c@yahoo.co.jp,,Japan,95.179.111.235,public,A
266,Cyndi,Perassi,Agender,cperassi7d@yelp.com,commercial,,152.147.247.227,public,B
267,Aleta,Stormont,Female,astormont7e@myspace.com,commercial,,171.1.177.172,public,B
268,Johnathan,Juschka,Female,jjuschka7f@deviantart.com,commercial,,211.26.144.81,public,C
269,Alanna,Klemz,Polygender,aklemz7g@rambler.ru,,Russian Federation,232.106.167.62,public,D
270,Gerrie,Mournian,Polygender,gmournian7h@elegantthemes.com,commercial,,39.227.2.175,public,A
271,Cayla,Raspin,Female,craspin7i@fastcompany.com,commercial,,178.188.105.135,public,B
272,Vale,Ayscough,Female,vayscough7j@devhub.com,commercial,,14.117.185.36,public,A
273,Danika,Hamblington,Genderqueer,dhamblington7k@wix.com,commercial,,183.115.174.251,public,B
274,Gil,Stainburn,Male,gstainburn7l@github.io,,British Indian Ocean Territory,173.120.33.77,public,B
275,Delores,M'Chirrie,Polygender,dmchirrie7m@youku.com,commercial,,242.70.231.111,private,
276,Willi,Doers,Bigender,wdoers7n@bluehost.com,commercial,,96.20.84.191,public,A
277,Dalia,Reide,Polygender,dreide7o@reuters.com,commercial,,62.96.198.21,public,A
278,Nady,Truluck,Genderfluid,ntruluck7p@psu.edu,education,,91.68.228.191,public,A
279,Kaylyn,Sprigings,Bigender,ksprigings7q@meetup.com,commercial,,67.96.17.21,public,A
280,Elliott,Jaqueme,Bigender,ejaqueme7r@hp.com,commercial,,150.244.200.179,public,B
281,Kaitlin,Chaloner,Genderfluid,kchaloner7s@twitpic.com,commercial,,79.130.165.243,public,A
282,Bil,Dettmar,Agender,bdettmar7t@meetup.com,commercial,,74.125.69.70,public,A
283,Wiatt,Avesque,Genderqueer,wavesque7u@unesco.org,organization,,188.116.251.33,public,B
284,Chery,Keyes,Female,ckeyes7v@uiuc.edu,education,,201.9.125.138,public,C
285,Nichole,Blagbrough,Polygender,nblagbrough7w@ucsd.edu,education,,229.172.135.98,public,D
286,Quentin,Lynn,Female,qlynn7x@wp.com,commercial,,6.238.117.55,public,A
287,Vernen,Galle,Genderfluid,vgalle7y@nationalgeographic.com,commercial,,180.117.190.243,public,B
288,Ernst,Baldick,Genderqueer,ebaldick7z@51.la,,Lao People's Democratic Republic,168.141.59.91,public,B
289,Rheta,Carvilla,Male,rcarvilla80@constantcontact.com,commercial,,126.130.16.132,public,A
290,Aguie,Jacobowicz,Bigender,ajacobowicz81@blogspot.com,commercial,,64.183.48.133,public,A
291,Felice,Culley,Genderfluid,fculley82@ed.gov,US Government,,19.146.229.249,public,A
292,Reginald,Ferraretto,Genderfluid,rferraretto83@yolasite.com,commercial,,140.11.120.114,public,B
293,Christian,Beadell,Male,cbeadell84@bloomberg.com,commercial,,149.80.146.118,public,B
294,Melody,Mowne,Bigender,mmowne85@hud.gov,US Government,,155.42.145.104,public,B
295,Clarence,Garrettson,Bigender,cgarrettson86@godaddy.com,commercial,,139.14.124.228,public,B
296,Rey,Rossander,Agender,rrossander87@nbcnews.com,commercial,,218.105.221.253,public,C
297,Hadria,Ivanyutin,Agender,hivanyutin88@kickstarter.com,commercial,,149.132.172.43,public,B
298,Caralie,Amott,Male,camott89@weebly.com,commercial,,35.212.148.104,public,A
299,Winfield,Wybrow,Genderqueer,wwybrow8a@indiatimes.com,commercial,,184.144.164.136,public,B
300,Ryley,Maccaig,Non-binary,rmaccaig8b@boston.com,commercial,,16.114.233.209,public,A
301,Amalle,Styles,Male,astyles8c@tinypic.com,commercial,,163.194.14.238,public,B
302,Estell,Lakenden,Agender,elakenden8d@apache.org,organization,,151.29.33.228,public,B
303,Brett,Biffin,Genderqueer,bbiffin8e@miibeian.gov.cn,US Government,China,228.21.90.102,public,D
304,Suzy,Brownlee,Genderfluid,sbrownlee8f@xrea.com,commercial,,153.11.41.70,public,B
305,Lynnet,Browett,Bigender,lbrowett8g@sun.com,commercial,,219.112.159.8,public,C
306,Frederico,Oxborrow,Non-binary,foxborrow8h@biblegateway.com,commercial,,136.106.149.125,public,B
307,Urbano,Wakefield,Male,uwakefield8i@google.com.au,commercial,Australia,91.104.131.18,public,A
308,Vivyanne,Pancoust,Genderfluid,vpancoust8j@cocolog-nifty.com,commercial,,252.151.120.100,private,
309,Meggie,Seckington,Female,mseckington8k@fc2.com,commercial,,164.165.54.107,public,B
310,Cloe,Stranieri,Female,cstranieri8l@shop-pro.jp,,Japan,142.156.186.89,public,B
311,Florance,Haken,Genderfluid,fhaken8m@goodreads.com,commercial,,70.224.56.204,public,A
312,Orelee,Lippatt,Agender,olippatt8n@comcast.net,network,,187.55.18.19,public,B
313,Madelena,Musk,Female,mmusk8o@hugedomains.com,commercial,,31.29.205.96,public,A
314,Amy,Gommowe,Male,agommowe8p@telegraph.co.uk,,Colombia,6.85.81.101,public,A
315,Bessie,Brodnecke,Genderfluid,bbrodnecke8q@google.pl,,Poland,226.199.251.248,public,D
316,Gerianne,Swinney,Genderqueer,gswinney8r@dot.gov,US Government,,107.151.181.251,public,A
317,Bel,Francescone,Genderfluid,bfrancescone8s@goo.ne.jp,,Japan,158.174.54.236,public,B
318,Melantha,Druhan,Agender,mdruhan8t@myspace.com,commercial,,46.35.23.246,public,A
319,Godart,Casa,Genderfluid,gcasa8u@jimdo.com,commercial,,142.108.81.234,public,B
320,Linn,Abbati,Non-binary,labbati8v@pbs.org,organization,,173.244.75.136,public,B
321,Erie,Harnwell,Bigender,eharnwell8w@nymag.com,commercial,,72.30.70.19,public,A
322,Belva,Finlan,Non-binary,bfinlan8x@blinklist.com,commercial,,72.149.143.16,public,A
323,Deborah,Baudouin,Female,dbaudouin8y@free.fr,,France,14.103.127.206,public,A
324,Rafaello,Ast,Non-binary,rast8z@gmpg.org,organization,,13.87.135.49,public,A
325,Myrna,Mulqueeny,Male,mmulqueeny90@nationalgeographic.com,commercial,,121.147.65.154,public,A
326,Galvan,Truscott,Female,gtruscott91@jalbum.net,network,,243.1.179.231,private,
327,Vassili,Bohler,Bigender,vbohler92@sbwire.com,commercial,,230.202.85.34,public,D
328,Hally,Annes,Polygender,hannes93@tinyurl.com,commercial,,40.239.97.44,public,A
329,Saundra,Mordon,Female,smordon94@patch.com,commercial,,175.144.123.4,public,B
330,Harri,Leys,Genderqueer,hleys95@paypal.com,commercial,,143.40.209.67,public,B
331,Hayes,Symcox,Genderqueer,hsymcox96@xrea.com,commercial,,72.5.27.205,public,A
332,Raviv,Signoret,Male,rsignoret97@salon.com,commercial,,176.12.143.70,public,B
333,Carney,Jobbins,Non-binary,cjobbins98@gizmodo.com,commercial,,220.212.246.141,public,C
334,Uriel,Lammenga,Female,ulammenga99@trellian.com,commercial,,113.189.138.80,public,A
335,Lucais,de Merida,Bigender,ldemerida9a@dot.gov,US Government,,144.168.76.5,public,B
336,Uriel,Reiling,Agender,ureiling9b@fc2.com,commercial,,133.77.16.131,public,B
337,Toddy,Vondrak,Non-binary,tvondrak9c@xrea.com,commercial,,55.197.41.67,public,A
338,Guglielmo,Skyme,Genderqueer,gskyme9d@friendfeed.com,commercial,,79.240.98.77,public,A
339,Westley,Weatherhead,Male,wweatherhead9e@networksolutions.com,commercial,,139.100.171.198,public,B
340,Madalena,Bostock,Female,mbostock9f@issuu.com,commercial,,33.163.127.13,public,A
341,Sloan,Grayer,Genderqueer,sgrayer9g@weibo.com,commercial,,6.247.236.51,public,A
342,Michaela,Beckhouse,Genderfluid,mbeckhouse9h@slashdot.org,organization,,185.183.46.222,public,B
343,Clarey,Rudsdell,Agender,crudsdell9i@ebay.com,commercial,,10.159.15.72,private,A
344,Gabbie,Stanbury,Genderqueer,gstanbury9j@businesswire.com,commercial,,124.252.199.235,public,A
345,Hedvig,McGuinness,Genderqueer,hmcguinness9k@webeden.co.uk,,Colombia,176.115.103.68,public,B
346,Patten,Hartman,Genderfluid,phartman9l@ucsd.edu,education,,13.144.48.56,public,A
347,Mackenzie,Helin,Genderfluid,mhelin9m@netvibes.com,commercial,,226.155.159.2,public,D
348,Rosanne,Haulkham,Non-binary,rhaulkham9n@angelfire.com,commercial,,185.168.194.243,public,B
349,Dell,Kelland,Non-binary,dkelland9o@gnu.org,organization,,113.37.123.213,public,A
350,Davita,Androletti,Genderqueer,dandroletti9p@google.nl,,Netherlands,106.93.9.76,public,A
351,Kristen,Bonnavant,Polygender,kbonnavant9q@liveinternet.ru,,Russian Federation,76.177.182.101,public,A
352,Davey,Skippon,Polygender,dskippon9r@blogs.com,commercial,,176.67.28.8,public,B
353,Alexina,Schoffel,Male,aschoffel9s@bloglovin.com,commercial,,221.117.47.51,public,C
354,Meyer,Matessian,Polygender,mmatessian9t@bizjournals.com,commercial,,204.9.234.87,public,C
355,Aili,Carding,Genderqueer,acarding9u@si.edu,education,Slovenia,87.180.227.162,public,A
356,Wolfgang,Philipps,Bigender,wphilipps9v@bandcamp.com,commercial,,147.208.68.78,public,B
357,Moreen,Vousden,Non-binary,mvousden9w@washingtonpost.com,commercial,,13.92.254.78,public,A
358,Morganica,McGenn,Bigender,mmcgenn9x@1688.com,commercial,,101.217.250.86,public,A
359,Karee,Eagleton,Genderqueer,keagleton9y@edublogs.org,organization,,200.190.169.249,public,C
360,Felicia,Tutin,Non-binary,ftutin9z@dyndns.org,organization,,203.51.61.85,public,C
361,Maggi,Ewell,Polygender,mewella0@ucsd.edu,education,,184.192.27.169,public,B
362,Inez,Ringe,Genderqueer,iringea1@goo.ne.jp,,Japan,203.198.161.182,public,C
363,Hilda,Sirette,Genderqueer,hsirettea2@tripod.com,commercial,,155.236.113.200,public,B
364,Federico,Bandey,Non-binary,fbandeya3@comsenz.com,commercial,,173.40.62.75,public,B
365,Luisa,Bartolozzi,Genderfluid,lbartolozzia4@mail.ru,,Russian Federation,84.127.211.236,public,A
366,Enoch,Estrella,Bigender,eestrellaa5@yahoo.co.jp,,Japan,25.75.143.249,public,A
367,Woody,Abrahams,Agender,wabrahamsa6@chicagotribune.com,commercial,,180.102.176.136,public,B
368,Eleonore,Quimby,Bigender,equimbya7@sakura.ne.jp,,Japan,1.154.104.53,public,A
369,Jule,Geffcock,Male,jgeffcocka8@vinaora.com,commercial,,92.66.211.4,public,A
370,Fina,Coard,Non-binary,fcoarda9@nsw.gov.au,US Government,Australia,245.9.58.245,private,
371,Vance,Keat,Genderfluid,vkeataa@hao123.com,commercial,,5.201.26.156,public,A
372,Temp,Bosnell,Genderfluid,tbosnellab@typepad.com,commercial,,240.112.136.104,private,
373,Anjanette,Whitehurst,Genderqueer,awhitehurstac@phoca.cz,,Czech Republic,66.35.152.238,public,A
374,Louella,Cotterel,Genderfluid,lcotterelad@a8.net,network,,129.2.55.149,public,B
375,Nicolina,Hanham,Male,nhanhamae@sciencedaily.com,commercial,,49.233.124.54,public,A
376,Gottfried,Krugmann,Agender,gkrugmannaf@nsw.gov.au,US Government,Australia,178.157.123.231,public,B
377,Baily,Fison,Female,bfisonag@geocities.com,commercial,,169.15.19.50,public,B
378,Gabie,Grigor,Female,ggrigorah@vistaprint.com,commercial,,159.5.165.227,public,B
379,Hartwell,Measen,Genderfluid,hmeasenai@china.com.cn,commercial,China,152.129.61.147,public,B
380,Rebeka,Dibley,Agender,rdibleyaj@youku.com,commercial,,8.148.215.172,public,A
381,Waldo,Milbank,Male,wmilbankak@google.cn,,China,81.36.181.193,public,A
382,Marcella,Lamball,Male,mlamballal@google.com.hk,commercial,Hong Kong,179.11.206.229,public,B
383,Arleta,Mulmuray,Agender,amulmurayam@linkedin.com,commercial,,131.98.233.107,public,B
384,Danyelle,Jozaitis,Genderqueer,djozaitisan@discovery.com,commercial,,222.50.119.199,public,C
385,Ysabel,Parkman,Genderfluid,yparkmanao@ow.ly,,Libya,176.176.38.50,public,B
386,Lauritz,Voaden,Non-binary,lvoadenap@si.edu,education,Slovenia,188.105.136.59,public,B
387,Sawyere,Sidaway,Bigender,ssidawayaq@pen.io,,British Indian Ocean Territory,86.196.39.135,public,A
388,Roland,Martynikhin,Polygender,rmartynikhinar@rediff.com,commercial,,122.84.61.153,public,A
389,Isabella,Lehrmann,Agender,ilehrmannas@skype.com,commercial,,242.243.192.229,private,
390,Chrysa,Dobie,Male,cdobieat@psu.edu,education,,119.208.213.242,public,A
391,Cart,Hauxby,Genderfluid,chauxbyau@4shared.com,commercial,,151.112.165.90,public,B
392,Ambrosio,Fitchen,Genderfluid,afitchenav@nytimes.com,commercial,,128.166.183.174,public,B
393,Tracie,Verne,Genderfluid,tverneaw@opera.com,commercial,,98.69.187.44,public,A
394,Bobina,Jankovsky,Female,bjankovskyax@msu.edu,education,,193.169.218.156,public,C
395,Rubi,Golda,Bigender,rgoldaay@1und1.de,,Germany,138.44.187.82,public,B
396,Gusti,Cunio,Male,gcunioaz@twitter.com,commercial,,157.113.136.27,public,B
397,Inger,Gianullo,Genderfluid,igianullob0@fema.gov,US Government,,26.94.124.47,public,A
398,Tomasina,Feedham,Polygender,tfeedhamb1@ebay.com,commercial,,93.155.193.161,public,A
399,Henriette,Petican,Bigender,hpeticanb2@theguardian.com,commercial,,45.199.86.21,public,A
400,Tamas,Lune,Genderfluid,tluneb3@alibaba.com,commercial,,81.112.134.217,public,A
401,Maria,Learmonth,Agender,mlearmonthb4@shinystat.com,commercial,,251.189.203.142,private,
402,Arda,Gimber,Genderqueer,agimberb5@parallels.com,commercial,,227.1.26.47,public,D
403,Margarette,Winter,Bigender,mwinterb6@booking.com,commercial,,124.87.86.27,public,A
404,Lise,Burlingham,Bigender,lburlinghamb7@free.fr,,France,47.69.172.155,public,A
405,Aurelie,Geraldez,Female,ageraldezb8@deviantart.com,commercial,,55.122.155.190,public,A
406,Darrell,Baffin,Agender,dbaffinb9@xinhuanet.com,commercial,,226.48.105.246,public,D
407,Catlin,Shilstone,Female,cshilstoneba@github.com,commercial,,143.46.47.254,public,B
408,Teddy,Curedale,Genderqueer,tcuredalebb@instagram.com,commercial,,9.60.193.60,public,A
409,Herculie,Hiscocks,Polygender,hhiscocksbc@alibaba.com,commercial,,100.71.129.253,,
410,Avery,Broscombe,Genderfluid,abroscombebd@sfgate.com,commercial,,252.126.15.44,private,
411,Burlie,Keble,Female,bkeblebe@abc.net.au,network,Australia,30.242.138.25,public,A
412,Pauly,McDonogh,Agender,pmcdonoghbf@ning.com,commercial,,106.155.217.158,public,A
413,Hilliard,Carman,Genderqueer,hcarmanbg@eepurl.com,commercial,,244.21.159.116,private,
414,Bat,Roden,Female,brodenbh@devhub.com,commercial,,2.147.190.246,public,A
415,Melany,McCloid,Male,mmccloidbi@miitbeian.gov.cn,US Government,China,13.237.225.185,public,A
416,Barbee,Gibbon,Genderfluid,bgibbonbj@oaic.gov.au,US Government,Australia,133.234.233.86,public,B
417,Bibi,Lamburn,Male,blamburnbk@skype.com,commercial,,192.89.225.15,public,C
418,Mindy,Boshell,Bigender,mboshellbl@berkeley.edu,education,,206.184.142.189,public,C
419,Ebonee,Abrahamsen,Agender,eabrahamsenbm@paypal.com,commercial,,91.12.84.168,public,A
420,Darsie,Else,Genderqueer,delsebn@uiuc.edu,education,,83.213.105.90,public,A
421,Delores,Towsie,Non-binary,dtowsiebo@howstuffworks.com,commercial,,131.90.119.90,public,B
422,Blondelle,Gritton,Agender,bgrittonbp@furl.net,network,,46.216.173.169,public,A
423,Vannie,Alan,Genderfluid,valanbq@chronoengine.com,commercial,,62.124.7.124,public,A
424,Opaline,Greenhall,Polygender,ogreenhallbr@smh.com.au,commercial,Australia,115.16.123.87,public,A
425,Tris,Samme,Polygender,tsammebs@weebly.com,commercial,,80.49.63.119,public,A
426,Lilah,Ricker,Agender,lrickerbt@time.com,commercial,,44.113.186.91,public,A
427,Ad,Cumber,Agender,acumberbu@utexas.edu,education,,254.164.242.220,private,
428,Briant,Hartropp,Bigender,bhartroppbv@wix.com,commercial,,182.220.234.254,public,B
429,Trude,Walicki,Male,twalickibw@gravatar.com,commercial,,192.251.7.62,public,C
430,Chantalle,Pritchitt,Polygender,cpritchittbx@google.com,commercial,,226.24.199.72,public,D
431,Duke,Bolin,Genderqueer,dbolinby@nifty.com,commercial,,228.231.51.90,public,D
432,Ludovico,Anglin,Female,langlinbz@privacy.gov.au,US Government,Australia,246.146.32.244,private,
433,Paloma,Jubb,Bigender,pjubbc0@soup.io,,British Indian Ocean Territory,93.188.62.248,public,A
434,Luciano,McKerron,Agender,lmckerronc1@wikimedia.org,organization,,151.204.122.144,public,B
435,Clara,Tremaine,Non-binary,ctremainec2@sakura.ne.jp,,Japan,118.117.144.123,public,A
436,Humberto,Dunkinson,Male,hdunkinsonc3@joomla.org,organization,,181.206.91.3,public,B
437,Susy,Pinor,Polygender,spinorc4@myspace.com,commercial,,165.149.128.7,public,B
438,Towny,Pelerin,Genderfluid,tpelerinc5@odnoklassniki.ru,,Russian Federation,172.189.97.100,public,B
439,Tate,Treneer,Genderqueer,ttreneerc6@si.edu,education,Slovenia,132.124.227.90,public,B
440,Dominick,Davydzenko,Agender,ddavydzenkoc7@virginia.edu,education,,204.68.92.154,public,C
441,Bank,Thornebarrow,Agender,bthornebarrowc8@constantcontact.com,commercial,,114.155.39.159,public,A
442,Pen,Blazic,Male,pblazicc9@china.com.cn,commercial,China,83.103.122.110,public,A
443,Cameron,Beardow,Female,cbeardowca@bloglovin.com,commercial,,154.167.172.177,public,B
444,Riane,Greville,Agender,rgrevillecb@dropbox.com,commercial,,105.204.145.164,public,A
445,Drucie,Kohnert,Genderfluid,dkohnertcc@virginia.edu,education,,51.136.183.184,public,A
446,Bram,Moncrefe,Female,bmoncrefecd@reverbnation.com,commercial,,242.192.35.218,private,
447,Eve,Lukas,Female,elukasce@friendfeed.com,commercial,,223.115.156.152,public,C
448,Dehlia,Spinella,Male,dspinellacf@newsvine.com,commercial,,195.12.110.111,public,C
449,Abagael,Hurler,Genderqueer,ahurlercg@tiny.cc,,Cocos (Keeling) Islands,41.194.203.182,public,A
450,Dodie,Charrington,Polygender,dcharringtonch@wikipedia.org,organization,,141.86.61.168,public,B
451,Lanny,Norsworthy,Bigender,lnorsworthyci@geocities.com,commercial,,47.156.198.234,public,A
452,Kippy,Gerrish,Male,kgerrishcj@goo.gl,,Greenland,178.121.34.22,public,B
453,Irvine,Crumly,Bigender,icrumlyck@census.gov,US Government,,235.39.10.192,public,D
454,Gregorio,Polland,Non-binary,gpollandcl@naver.com,commercial,,239.9.57.186,public,D
455,Ludvig,Bedbury,Male,lbedburycm@google.it,,Italy,16.201.174.115,public,A
456,Mehetabel,Wilding,Male,mwildingcn@sfgate.com,commercial,,133.179.52.75,public,B
457,Heinrik,McCudden,Polygender,hmccuddenco@google.it,,Italy,40.252.217.203,public,A
458,Rosabel,Kerford,Bigender,rkerfordcp@gizmodo.com,commercial,,117.167.113.176,public,A
459,Crawford,Kingsman,Agender,ckingsmancq@1und1.de,,Germany,247.131.37.202,private,
460,Vasily,Kasparski,Polygender,vkasparskicr@elegantthemes.com,commercial,,193.182.4.178,public,C
461,Maighdiln,Skryne,Agender,mskrynecs@wikipedia.org,organization,,47.61.7.199,public,A
462,Clarey,Jandel,Male,cjandelct@pinterest.com,commercial,,230.174.126.154,public,D
463,Berta,Swinbourne,Agender,bswinbournecu@aboutads.info,,,231.15.42.46,public,D
464,Shaun,Ecclestone,Genderqueer,secclestonecv@jiathis.com,commercial,,59.138.74.149,public,A
465,Libbi,Spurling,Male,lspurlingcw@163.com,commercial,,67.117.206.202,public,A
466,Luther,Pendlebury,Female,lpendleburycx@geocities.jp,,Japan,120.79.100.51,public,A
467,Rouvin,Goodlake,Male,rgoodlakecy@google.pl,,Poland,24.173.255.48,public,A
468,Marna,Alvares,Genderqueer,malvarescz@cisco.com,commercial,,215.222.116.196,public,C
469,Isabella,Ravenscroftt,Polygender,iravenscrofttd0@amazonaws.com,commercial,,237.124.110.57,public,D
470,Drucie,Feavers,Genderfluid,dfeaversd1@disqus.com,commercial,,245.187.111.241,private,
471,Katleen,Zoanetti,Polygender,kzoanettid2@nbcnews.com,commercial,,189.85.90.186,public,B
472,Palm,Quinnell,Agender,pquinnelld3@mapy.cz,,Czech Republic,195.35.156.223,public,C
473,Chevalier,Mitchell,Genderqueer,cmitchelld4@archive.org,organization,,225.113.100.23,public,D
474,Almire,O'Rourke,Polygender,aorourked5@bloglines.com,commercial,,67.248.217.51,public,A
475,Jareb,Bonallack,Genderfluid,jbonallackd6@arizona.edu,education,,35.163.75.211,public,A
476,Sawyer,Gregoraci,Polygender,sgregoracid7@unc.edu,education,,53.162.40.53,public,A
477,Mirabel,McIlvaney,Genderqueer,mmcilvaneyd8@unc.edu,education,,236.26.175.45,public,D
478,Melessa,Flannigan,Female,mflannigand9@taobao.com,commercial,,155.133.129.199,public,B
479,Austen,Shelley,Genderqueer,ashelleyda@mapquest.com,commercial,,125.43.186.8,public,A
480,Dannel,Tomasian,Genderfluid,dtomasiandb@wired.com,commercial,,45.202.172.113,public,A
481,Cindi,Sands-Allan,Genderqueer,csandsallandc@google.com.br,commercial,Brazil,24.44.89.47,public,A
482,Elga,Dodshun,Non-binary,edodshundd@alibaba.com,commercial,,204.135.25.230,public,C
483,Domenic,Hedan,Genderfluid,dhedande@google.cn,,China,222.246.51.220,public,C
484,Yancy,Loudon,Polygender,yloudondf@cbslocal.com,commercial,,214.255.205.52,public,C
485,Sandi,Hartlebury,Female,shartleburydg@xing.com,commercial,,118.229.127.170,public,A
486,Tremayne,Sumsion,Non-binary,tsumsiondh@freewebs.com,commercial,,79.45.132.193,public,A
487,Merna,Wheeler,Genderqueer,mwheelerdi@fotki.com,commercial,,250.140.192.191,private,
488,Trev,Pendleton,Genderqueer,tpendletondj@weather.com,commercial,,157.7.152.200,public,B
489,Kyrstin,Ruf,Bigender,krufdk@ovh.net,network,,65.106.89.205,public,A
490,Nerty,Newlands,Male,nnewlandsdl@mit.edu,education,,238.101.159.108,public,D
491,Lianne,Haysar,Female,lhaysardm@flavors.me,,Montenegro,147.59.196.73,public,B
492,Brocky,Middleweek,Genderqueer,bmiddleweekdn@uiuc.edu,education,,233.53.189.66,public,D
493,Isidro,Aspland,Polygender,iasplanddo@livejournal.com,commercial,,66.200.141.173,public,A
494,Abbie,Foch,Bigender,afochdp@vistaprint.com,commercial,,236.68.102.75,public,D
495,Angeline,Veracruysse,Genderqueer,averacruyssedq@nasa.gov,US Government,,124.94.105.124,public,A
496,Owen,Southworth,Polygender,osouthworthdr@ustream.tv,,Tuvalu,183.207.74.242,public,B
497,Gypsy,Shory,Genderfluid,gshoryds@networkadvertising.org,organization,,196.164.134.108,public,C
498,Angelo,Bold,Non-binary,abolddt@blogspot.com,commercial,,36.193.209.204,public,A
499,Frederik,Collyear,Non-binary,fcollyeardu@cisco.com,commercial,,9.114.134.19,public,A
500,Sammy,LeEstut,Polygender,sleestutdv@mapquest.com,commercial,,98.206.238.60,public,A
501,Adelaide,Yushachkov,Bigender,ayushachkovdw@com.com,commercial,,241.237.36.186,private,
502,Danya,McGavigan,Agender,dmcgavigandx@gov.uk,US Government,,150.216.40.198,public,B
503,Fernande,Riggs,Female,friggsdy@china.com.cn,commercial,China,222.101.139.90,public,C
504,Kahaleel,Erbe,Female,kerbedz@dion.ne.jp,,Japan,179.66.119.97,public,B
505,Otis,Kores,Female,okorese0@merriam-webster.com,commercial,,77.74.29.81,public,A
506,Lamont,Foran,Polygender,lforane1@linkedin.com,commercial,,60.233.115.156,public,A
507,Burt,Blaisdale,Polygender,bblaisdalee2@wikispaces.com,commercial,,32.228.135.245,public,A
508,Sidonia,Tolson,Bigender,stolsone3@wordpress.org,organization,,77.158.228.244,public,A
509,Ailis,Innman,Non-binary,ainnmane4@nature.com,commercial,,160.33.4.59,public,B
510,Minnnie,Healings,Male,mhealingse5@1688.com,commercial,,1.238.148.207,public,A
511,Lynnette,Gritskov,Male,lgritskove6@soundcloud.com,commercial,,167.152.60.163,public,B
512,Gun,Hayhurst,Polygender,ghayhurste7@home.pl,,Poland,61.4.132.97,public,A
513,Tailor,Barney,Bigender,tbarneye8@webeden.co.uk,,Colombia,14.253.9.159,public,A
514,Brion,MacTeague,Female,bmacteaguee9@wikimedia.org,organization,,77.11.68.112,public,A
515,Elinor,Burras,Polygender,eburrasea@creativecommons.org,organization,,215.159.184.155,public,C
516,Alix,Wardhaw,Female,awardhaweb@java.com,commercial,,47.62.190.228,public,A
517,Gilberta,Dumingos,Non-binary,gdumingosec@sun.com,commercial,,61.248.122.255,public,A
518,Nathalie,Baudain,Agender,nbaudained@infoseek.co.jp,,Japan,84.94.173.7,public,A
519,Mel,Carpenter,Genderqueer,mcarpenteree@noaa.gov,US Government,,247.121.130.219,private,
520,Analiese,Elphick,Genderqueer,aelphickef@businessinsider.com,commercial,,180.244.160.17,public,B
521,Kippie,Kilpatrick,Polygender,kkilpatrickeg@yandex.ru,,Russian Federation,24.12.186.179,public,A
522,Laverna,Hardisty,Non-binary,lhardistyeh@ow.ly,,Libya,200.175.236.237,public,C
523,Colet,Saturley,Genderfluid,csaturleyei@chicagotribune.com,commercial,,32.245.68.134,public,A
524,Pippy,Hayesman,Genderqueer,phayesmanej@ucsd.edu,education,,231.186.213.63,public,D
525,Robert,Hixley,Genderfluid,rhixleyek@netvibes.com,commercial,,102.33.42.65,public,A
526,Marilin,Kellen,Agender,mkellenel@oaic.gov.au,US Government,Australia,104.194.207.154,public,A
527,Bronnie,Cholonin,Non-binary,bcholoninem@disqus.com,commercial,,35.7.198.97,public,A
528,Ogden,Rishman,Polygender,orishmanen@angelfire.com,commercial,,187.107.37.45,public,B
529,Ruth,Fillon,Female,rfilloneo@chron.com,commercial,,152.79.114.104,public,B
530,Lynea,Hannen,Agender,lhannenep@wsj.com,commercial,,56.111.177.137,public,A
531,Leigh,Shippard,Female,lshippardeq@businesswire.com,commercial,,182.144.20.119,public,B
532,Marlyn,Woolcocks,Genderfluid,mwoolcockser@sourceforge.net,network,,179.159.8.211,public,B
533,Dorelia,Rodden,Non-binary,droddenes@va.gov,US Government,Holy See (Vatican City State),222.227.225.135,public,C
534,Brook,Conner,Bigender,bconneret@jimdo.com,commercial,,64.205.147.145,public,A
535,Josephina,Parley,Non-binary,jparleyeu@deliciousdays.com,commercial,,129.109.71.110,public,B
536,Darnall,Flaws,Male,dflawsev@360.cn,,China,160.134.95.83,public,B
537,Adelbert,Gerg,Male,agergew@statcounter.com,commercial,,31.199.211.165,public,A
538,Peria,Paine,Genderfluid,ppaineex@discuz.net,network,,64.130.14.167,public,A
539,Cornie,Iacofo,Polygender,ciacofoey@state.gov,US Government,,12.142.183.71,public,A
540,Athene,Inker,Male,ainkerez@usgs.gov,US Government,,217.92.216.13,public,C
541,Louise,Skoate,Genderqueer,lskoatef0@buzzfeed.com,commercial,,136.15.100.217,public,B
542,Chevalier,Cartmail,Male,ccartmailf1@flavors.me,,Montenegro,29.63.171.91,public,A
543,Grata,Gaylord,Male,ggaylordf2@uiuc.edu,education,,164.254.6.171,public,B
544,Beulah,Niven,Genderfluid,bnivenf3@nytimes.com,commercial,,186.112.94.16,public,B
545,Lorin,Birchall,Female,lbirchallf4@uiuc.edu,education,,14.82.86.117,public,A
546,Gilly,Bengoechea,Male,gbengoecheaf5@php.net,network,,135.159.31.161,public,B
547,Jemimah,Wylam,Agender,jwylamf6@google.co.jp,,Japan,160.206.199.89,public,B
548,Ulrikaumeko,Lumsden,Male,ulumsdenf7@jalbum.net,network,,94.55.3.52,public,A
549,Pall,Puttnam,Genderqueer,pputtnamf8@soundcloud.com,commercial,,193.255.245.126,public,C
550,Taber,Lorek,Agender,tlorekf9@nydailynews.com,commercial,,20.80.94.195,public,A
551,Rasia,Van Dalen,Non-binary,rvandalenfa@altervista.org,organization,,42.102.177.173,public,A
552,Thedrick,Southerden,Agender,tsoutherdenfb@weebly.com,commercial,,173.10.234.166,public,B
553,Loretta,Allsup,Male,lallsupfc@studiopress.com,commercial,,84.48.165.48,public,A
554,Kirstin,Genty,Genderfluid,kgentyfd@thetimes.co.uk,,Colombia,171.213.182.86,public,B
555,Zonda,Kingshott,Female,zkingshottfe@yolasite.com,commercial,,247.134.92.56,private,
556,Barton,Poland,Agender,bpolandff@fema.gov,US Government,,200.168.182.67,public,C
557,Taite,Ryam,Bigender,tryamfg@tripod.com,commercial,,163.190.173.18,public,B
558,Cassie,Lainge,Genderfluid,claingefh@smugmug.com,commercial,,35.124.81.34,public,A
559,Tedie,Posnette,Genderqueer,tposnettefi@twitpic.com,commercial,,143.25.125.56,public,B
560,Orran,Passby,Genderfluid,opassbyfj@zimbio.com,commercial,,101.72.173.175,public,A
561,Timotheus,Jephson,Genderqueer,tjephsonfk@amazon.de,,Germany,175.7.75.107,public,B
562,Antonin,Janzen,Genderfluid,ajanzenfl@elpais.com,commercial,,173.27.195.205,public,B
563,Yolanthe,Pitchers,Polygender,ypitchersfm@google.pl,,Poland,243.220.167.143,private,
564,Sibyl,Gouldthorp,Genderfluid,sgouldthorpfn@technorati.com,commercial,,110.203.202.21,public,A
565,Lacie,Minghetti,Polygender,lminghettifo@youku.com,commercial,,117.79.31.104,public,A
566,Torrence,Giaomozzo,Female,tgiaomozzofp@wikia.com,commercial,,156.153.40.149,public,B
567,Grover,O'Dowd,Non-binary,godowdfq@instagram.com,commercial,,240.242.215.3,private,
568,Ivor,Heaysman,Non-binary,iheaysmanfr@nbcnews.com,commercial,,38.201.159.88,public,A
569,Stepha,Setchfield,Non-binary,ssetchfieldfs@yellowpages.com,commercial,,249.113.80.55,private,
570,Jereme,Dowbakin,Agender,jdowbakinft@tumblr.com,commercial,,51.227.125.196,public,A
571,Aubert,Ashfield,Genderfluid,aashfieldfu@redcross.org,organization,,231.22.203.69,public,D
572,Kayley,McCool,Genderqueer,kmccoolfv@t-online.de,,Germany,102.105.247.200,public,A
573,Demetrius,Lickess,Bigender,dlickessfw@smugmug.com,commercial,,27.255.233.172,public,A
574,Mohandis,Cater,Female,mcaterfx@dropbox.com,commercial,,93.189.162.109,public,A
575,Friedrick,Docket,Non-binary,fdocketfy@google.pl,,Poland,176.86.101.54,public,B
576,Sadye,Keemar,Female,skeemarfz@harvard.edu,education,,47.0.78.123,public,A
577,Northrup,Earry,Female,nearryg0@webnode.com,commercial,,241.247.110.1,private,
578,Niles,Toquet,Genderfluid,ntoquetg1@prweb.com,commercial,,7.2.252.59,public,A
579,Filmore,Amis,Genderfluid,famisg2@xrea.com,commercial,,10.17.106.183,private,A
580,Petunia,Atyea,Genderfluid,patyeag3@ezinearticles.com,commercial,,8.97.69.240,public,A
581,Tobiah,Velasquez,Male,tvelasquezg4@chronoengine.com,commercial,,250.173.237.85,private,
582,Ezmeralda,Veldens,Genderfluid,eveldensg5@illinois.edu,education,,29.23.41.238,public,A
583,Sharla,Crickmoor,Bigender,scrickmoorg6@hostgator.com,commercial,,184.102.5.109,public,B
584,Robinia,Bolger,Non-binary,rbolgerg7@ifeng.com,commercial,,134.154.154.231,public,B
585,Rodge,Falks,Genderfluid,rfalksg8@technorati.com,commercial,,161.249.224.188,public,B
586,Erl,Humpatch,Bigender,ehumpatchg9@rambler.ru,,Russian Federation,66.226.51.236,public,A
587,Coreen,Phittiplace,Non-binary,cphittiplacega@artisteer.com,commercial,,97.239.26.163,public,A
588,Kim,Brittin,Genderfluid,kbrittingb@mayoclinic.com,commercial,,45.248.133.13,public,A
589,Isidora,Wildber,Agender,iwildbergc@t-online.de,,Germany,100.17.185.136,public,A
590,Malena,Zwicker,Genderqueer,mzwickergd@wikispaces.com,commercial,,157.162.208.190,public,B
591,Charleen,Aughton,Genderfluid,caughtonge@umich.edu,education,,110.6.84.8,public,A
592,Maddy,Titchener,Female,mtitchenergf@redcross.org,organization,,141.131.252.99,public,B
593,Lisle,Dibb,Bigender,ldibbgg@hc360.com,commercial,,204.101.159.220,public,C
594,Trula,Artinstall,Male,tartinstallgh@oaic.gov.au,US Government,Australia,100.242.109.66,public,A
595,Torey,Lowdeane,Non-binary,tlowdeanegi@deliciousdays.com,commercial,,242.153.75.34,private,
596,Lynett,Carrane,Polygender,lcarranegj@exblog.jp,,Japan,134.248.249.15,public,B
597,Morna,Reape,Non-binary,mreapegk@clickbank.net,network,,152.224.232.200,public,B
598,Bertina,Cabell,Polygender,bcabellgl@webmd.com,commercial,,30.160.163.230,public,A
599,Martelle,Giovannilli,Non-binary,mgiovannilligm@vistaprint.com,commercial,,253.240.216.144,private,
600,Spencer,Mushawe,Polygender,smushawegn@sogou.com,commercial,,83.204.245.104,public,A
601,Kordula,Murrhaupt,Polygender,kmurrhauptgo@loc.gov,US Government,,244.156.205.28,private,
602,Moishe,Belchamber,Non-binary,mbelchambergp@businessweek.com,commercial,,88.20.3.183,public,A
603,Blondie,Floch,Bigender,bflochgq@google.com,commercial,,173.178.1.186,public,B
604,Zondra,Vennart,Female,zvennartgr@gmpg.org,organization,,140.82.179.5,public,B
605,Cristal,Forsdike,Female,cforsdikegs@mozilla.com,commercial,,0.226.53.81,private,
606,Kendre,Kimblin,Genderfluid,kkimblingt@bbc.co.uk,,Colombia,86.252.158.185,public,A
607,Gar,Somerbell,Bigender,gsomerbellgu@berkeley.edu,education,,89.224.21.241,public,A
608,Kelli,Rodenburgh,Male,krodenburghgv@time.com,commercial,,27.212.139.25,public,A
609,Cacilia,Evitts,Agender,cevittsgw@com.com,commercial,,249.134.100.41,private,
610,Humphrey,Varne,Agender,hvarnegx@de.vu,,Vanuatu,233.63.24.32,public,D
611,Diane,Simon,Female,dsimongy@nydailynews.com,commercial,,32.221.155.83,public,A
612,Claudetta,Burdoun,Genderfluid,cburdoungz@gnu.org,organization,,176.233.35.119,public,B
613,Saidee,Tommen,Agender,stommenh0@homestead.com,commercial,,139.169.233.201,public,B
614,Lorette,Burdis,Genderfluid,lburdish1@nature.com,commercial,,217.196.253.102,public,C
615,Siana,Baudoux,Female,sbaudouxh2@globo.com,commercial,,240.247.148.100,private,
616,Irwin,Gindghill,Genderqueer,igindghillh3@netlog.com,commercial,,72.227.233.100,public,A
617,Morgen,Stoacley,Female,mstoacleyh4@dion.ne.jp,,Japan,15.249.89.27,public,A
618,Hurlee,Amar,Bigender,hamarh5@zdnet.com,commercial,,242.158.53.184,private,
619,Erin,Danieli,Genderfluid,edanielih6@typepad.com,commercial,,140.224.82.34,public,B
620,Flory,Oaker,Agender,foakerh7@hc360.com,commercial,,22.223.142.4,public,A
621,Fred,Howsan,Genderfluid,fhowsanh8@ibm.com,commercial,,228.28.22.125,public,D
622,Kevon,Roome,Genderqueer,kroomeh9@utexas.edu,education,,249.82.96.219,private,
623,Mercie,Deluze,Genderqueer,mdeluzeha@thetimes.co.uk,,Colombia,194.102.73.25,public,C
624,Gussy,Frostdyke,Polygender,gfrostdykehb@ft.com,commercial,,224.169.160.101,public,D
625,Wilek,Tozer,Male,wtozerhc@jimdo.com,commercial,,67.53.133.45,public,A
626,Dorian,Althorpe,Agender,dalthorpehd@mapquest.com,commercial,,189.117.237.161,public,B
627,Darin,Furtado,Bigender,dfurtadohe@smugmug.com,commercial,,99.21.64.69,public,A
628,Omar,Ayliffe,Bigender,oayliffehf@macromedia.com,commercial,,162.247.86.250,public,B
629,Inna,Ruppert,Agender,irupperthg@huffingtonpost.com,commercial,,231.132.254.212,public,D
630,Annalee,Hambers,Genderqueer,ahambershh@discuz.net,network,,27.149.154.166,public,A
631,Sioux,Van Rembrandt,Female,svanrembrandthi@qq.com,commercial,,2.168.6.37,public,A
632,Sonni,Kenward,Genderfluid,skenwardhj@princeton.edu,education,,134.27.111.202,public,B
633,Jerrylee,Cotesford,Genderfluid,jcotesfordhk@buzzfeed.com,commercial,,80.158.180.215,public,A
634,Luisa,Curlis,Non-binary,lcurlishl@marriott.com,commercial,,78.25.42.168,public,A
635,Adore,Gallie,Genderfluid,agalliehm@smugmug.com,commercial,,162.126.224.49,public,B
636,Christian,Pettegre,Bigender,cpettegrehn@dyndns.org,organization,,170.107.38.15,public,B
637,Caleb,Gurney,Male,cgurneyho@google.com.au,commercial,Australia,110.24.87.152,public,A
638,Zabrina,Geist,Genderfluid,zgeisthp@cocolog-nifty.com,commercial,,218.31.62.250,public,C
639,Tami,Brownsworth,Polygender,tbrownsworthhq@ted.com,commercial,,231.198.234.89,public,D
640,Demetra,Diter,Non-binary,dditerhr@nhs.uk,,,110.218.203.3,public,A
641,Ambrose,De Pietri,Genderfluid,adepietrihs@wordpress.org,organization,,10.241.37.252,private,A
642,Wilhelmina,Vaney,Genderqueer,wvaneyht@sourceforge.net,network,,166.168.17.29,public,B
643,Donovan,Durrad,Bigender,ddurradhu@indiatimes.com,commercial,,50.97.207.44,public,A
644,Mitzi,Kiggel,Genderfluid,mkiggelhv@360.cn,,China,240.74.23.236,private,
645,Teddie,Stigger,Male,tstiggerhw@canalblog.com,commercial,,177.151.227.64,public,B
646,Damian,Devigne,Bigender,ddevignehx@washingtonpost.com,commercial,,102.17.222.78,public,A
647,Pattie,Gonnelly,Polygender,pgonnellyhy@wikia.com,commercial,,186.45.140.52,public,B
648,Neilla,Grabbam,Female,ngrabbamhz@com.com,commercial,,158.61.70.215,public,B
649,Maude,Durden,Agender,mdurdeni0@51.la,,Lao People's Democratic Republic,194.171.91.10,public,C
650,Roxi,Claybourn,Polygender,rclaybourni1@foxnews.com,commercial,,118.1.169.28,public,A
651,Radcliffe,Wrettum,Genderqueer,rwrettumi2@de.vu,,Vanuatu,173.37.5.55,public,B
652,Leola,Gilluley,Bigender,lgilluleyi3@oracle.com,commercial,,120.220.172.213,public,A
653,Lorrayne,Charpling,Male,lcharplingi4@etsy.com,commercial,,80.122.16.119,public,A
654,Arabel,Rentoul,Bigender,arentouli5@cam.ac.uk,,,140.155.212.165,public,B
655,Truda,Whitsun,Genderqueer,twhitsuni6@bravesites.com,commercial,,52.76.9.227,public,A
656,Brandise,Goathrop,Non-binary,bgoathropi7@cloudflare.com,commercial,,133.88.62.25,public,B
657,Barr,Toone,Female,btoonei8@miitbeian.gov.cn,US Government,China,138.184.123.70,public,B
658,Roxanne,Stilwell,Agender,rstilwelli9@google.com,commercial,,251.191.70.115,private,
659,Carmine,Tennant,Polygender,ctennantia@ning.com,commercial,,205.251.58.9,public,C
660,Shannon,Bodell,Male,sbodellib@merriam-webster.com,commercial,,202.235.163.234,public,C
661,Hortensia,Orknay,Male,horknayic@artisteer.com,commercial,,181.67.133.87,public,B
662,Lindon,Caurah,Agender,lcaurahid@technorati.com,commercial,,49.174.210.94,public,A
663,Paloma,Pusey,Female,ppuseyie@businesswire.com,commercial,,102.23.99.110,public,A
664,Tore,Alpin,Genderqueer,talpinif@feedburner.com,commercial,,152.37.167.74,public,B
665,Ruthie,Manson,Genderfluid,rmansonig@cocolog-nifty.com,commercial,,159.218.19.232,public,B
666,Briny,Olek,Agender,bolekih@pinterest.com,commercial,,76.150.75.46,public,A
667,Jonis,Temperton,Genderqueer,jtempertonii@mtv.com,commercial,,117.240.176.188,public,A
668,Rene,Bende,Male,rbendeij@a8.net,network,,160.226.17.182,public,B
669,Tally,Zwicker,Female,tzwickerik@twitpic.com,commercial,,102.16.152.79,public,A
670,Pepito,Levesley,Non-binary,plevesleyil@usa.gov,US Government,,171.194.165.83,public,B
671,Kristyn,Ungerecht,Female,kungerechtim@usgs.gov,US Government,,70.226.8.65,public,A
672,Zena,Kentwell,Female,zkentwellin@vimeo.com,commercial,,77.135.120.46,public,A
673,Obadiah,Ochterlonie,Bigender,oochterlonieio@addtoany.com,commercial,,197.58.205.118,public,C
674,Dulcine,Conaboy,Agender,dconaboyip@flavors.me,,Montenegro,9.144.6.101,public,A
675,Kennett,Rewbottom,Male,krewbottomiq@china.com.cn,commercial,China,11.80.123.77,public,A
676,Kristyn,Carncross,Non-binary,kcarncrossir@theglobeandmail.com,commercial,,152.212.189.208,public,B
677,Xenos,Emmot,Non-binary,xemmotis@uol.com.br,commercial,Brazil,36.134.121.152,public,A
678,Dewain,Tebald,Genderfluid,dtebaldit@topsy.com,commercial,,104.243.240.126,public,A
679,Elise,Hallad,Agender,ehalladiu@answers.com,commercial,,46.240.119.34,public,A
680,Ruperto,Winscum,Genderfluid,rwinscumiv@cbc.ca,,Canada,251.164.200.187,private,
681,Koo,Daniel,Male,kdanieliw@imdb.com,commercial,,36.48.238.187,public,A
682,Alphonso,Leverington,Female,aleveringtonix@edublogs.org,organization,,58.49.46.26,public,A
683,Crista,Parrin,Genderfluid,cparriniy@hao123.com,commercial,,80.181.204.125,public,A
684,Gerri,Lynett,Male,glynettiz@gnu.org,organization,,164.142.116.155,public,B
685,Tracie,Ogborn,Non-binary,togbornj0@addthis.com,commercial,,145.1.185.5,public,B
686,Mellisa,Hale,Female,mhalej1@baidu.com,commercial,,195.161.116.251,public,C
687,Franz,Caughan,Male,fcaughanj2@yale.edu,education,,121.112.145.226,public,A
688,Syman,Snyder,Non-binary,ssnyderj3@list-manage.com,commercial,,116.106.186.77,public,A
689,Bebe,Tampling,Polygender,btamplingj4@elpais.com,commercial,,31.144.109.178,public,A
690,Tiebout,MacConnel,Male,tmacconnelj5@diigo.com,commercial,,1.232.170.60,public,A
691,Ramsey,Kemsley,Agender,rkemsleyj6@google.pl,,Poland,164.143.91.106,public,B
692,Renell,Tansill,Male,rtansillj7@phoca.cz,,Czech Republic,188.225.184.128,public,B
693,Somerset,Roberson,Agender,srobersonj8@devhub.com,commercial,,180.235.207.230,public,B
694,Jodie,Jaegar,Genderfluid,jjaegarj9@about.com,commercial,,115.83.137.68,public,A
695,Percival,Joder,Bigender,pjoderja@hc360.com,commercial,,216.108.221.229,public,C
696,Paola,Franchyonok,Genderqueer,pfranchyonokjb@sun.com,commercial,,6.106.215.19,public,A
697,Harriott,Karpman,Female,hkarpmanjc@pbs.org,organization,,254.112.99.49,private,
698,Catharina,Pietrzak,Non-binary,cpietrzakjd@latimes.com,commercial,,21.182.26.40,public,A
699,Gianna,McAless,Female,gmcalessje@123-reg.co.uk,,Colombia,46.27.235.104,public,A
700,Luther,Pibsworth,Agender,lpibsworthjf@virginia.edu,education,,251.192.236.190,private,
701,Perry,Sparkwell,Bigender,psparkwelljg@creativecommons.org,organization,,111.218.74.106,public,A
702,Peadar,Meffan,Polygender,pmeffanjh@rediff.com,commercial,,197.198.67.62,public,C
703,Lorraine,Caraher,Bigender,lcaraherji@wikipedia.org,organization,,93.203.162.127,public,A
704,Bourke,Sinden,Female,bsindenjj@mit.edu,education,,97.156.14.17,public,A
705,Briana,Varley,Genderfluid,bvarleyjk@clickbank.net,network,,192.238.13.8,public,C
706,Alverta,Winkell,Bigender,awinkelljl@princeton.edu,education,,10.33.165.146,private,A
707,Correna,Pinckstone,Non-binary,cpinckstonejm@yandex.ru,,Russian Federation,189.140.33.4,public,B
708,Enrica,Frean,Genderfluid,efreanjn@webs.com,commercial,,222.118.114.177,public,C
709,Kendricks,Symper,Male,ksymperjo@sakura.ne.jp,,Japan,33.208.15.36,public,A
710,Mischa,Mallison,Female,mmallisonjp@odnoklassniki.ru,,Russian Federation,166.43.93.55,public,B
711,Chip,Calverd,Genderqueer,ccalverdjq@mashable.com,commercial,,144.176.24.7,public,B
712,Renata,Sherrum,Male,rsherrumjr@army.mil,US Military,,238.110.101.199,public,D
713,Teressa,Stiegars,Polygender,tstiegarsjs@tinypic.com,commercial,,187.94.79.61,public,B
714,Corabelle,Hudleston,Genderfluid,chudlestonjt@360.cn,,China,246.163.137.37,private,
715,Stormy,Barkshire,Non-binary,sbarkshireju@sciencedaily.com,commercial,,236.190.232.227,public,D
716,Theadora,Lawdham,Agender,tlawdhamjv@reverbnation.com,commercial,,123.162.87.83,public,A
717,Gus,Prentice,Genderqueer,gprenticejw@wiley.com,commercial,,251.98.96.36,private,
718,Ramonda,Kerswell,Male,rkerswelljx@meetup.com,commercial,,193.17.46.48,public,C
719,Alexei,Pittway,Polygender,apittwayjy@craigslist.org,organization,,7.170.141.217,public,A
720,Aline,Kase,Genderqueer,akasejz@home.pl,,Poland,253.29.199.198,private,
721,Perry,Giacomozzo,Genderfluid,pgiacomozzok0@hatena.ne.jp,,Japan,11.59.171.66,public,A
722,Ravid,McCotter,Agender,rmccotterk1@posterous.com,commercial,,207.89.240.26,public,C
723,Bekki,Lount,Genderqueer,blountk2@economist.com,commercial,,111.64.186.112,public,A
724,Merwin,Coopland,Genderfluid,mcooplandk3@godaddy.com,commercial,,126.41.110.87,public,A
725,Carey,Burgh,Genderqueer,cburghk4@gravatar.com,commercial,,138.11.96.16,public,B
726,Vern,McInnes,Genderqueer,vmcinnesk5@wordpress.org,organization,,102.198.205.152,public,A
727,Tuckie,Gideon,Genderfluid,tgideonk6@skype.com,commercial,,171.26.173.43,public,B
728,Ellissa,Jeannesson,Polygender,ejeannessonk7@apache.org,organization,,206.171.14.80,public,C
729,Sherlocke,Folger,Polygender,sfolgerk8@weibo.com,commercial,,62.65.13.10,public,A
730,Maxie,Laflin,Agender,mlaflink9@craigslist.org,organization,,170.70.242.48,public,B
731,Janey,Bromehed,Genderfluid,jbromehedka@prweb.com,commercial,,170.248.175.14,public,B
732,Base,Camber,Male,bcamberkb@abc.net.au,network,Australia,226.227.0.86,public,D
733,Patty,Broughton,Genderqueer,pbroughtonkc@skype.com,commercial,,46.188.91.83,public,A
734,Arri,Messent,Female,amessentkd@businesswire.com,commercial,,23.255.187.80,public,A
735,Kariotta,Barlee,Genderfluid,kbarleeke@wix.com,commercial,,84.180.214.253,public,A
736,Ezri,Painten,Genderfluid,epaintenkf@csmonitor.com,commercial,,35.45.176.188,public,A
737,Matti,La Vigne,Agender,mlavignekg@indiatimes.com,commercial,,2.65.233.229,public,A
738,Merrel,Frushard,Male,mfrushardkh@themeforest.net,network,,134.58.214.98,public,B
739,Marla,Whimp,Polygender,mwhimpki@hhs.gov,US Government,,235.195.64.97,public,D
740,Priscella,Hars,Male,pharskj@vinaora.com,commercial,,111.47.196.107,public,A
741,Dorry,Haye,Non-binary,dhayekk@google.de,,Germany,250.24.88.235,private,
742,Geraldine,Nisco,Polygender,gniscokl@reference.com,commercial,,12.98.188.222,public,A
743,Marlin,Furtado,Female,mfurtadokm@smh.com.au,commercial,Australia,78.220.29.207,public,A
744,Abbey,Franc,Non-binary,afranckn@berkeley.edu,education,,111.46.149.109,public,A
745,Lia,Pavett,Bigender,lpavettko@phoca.cz,,Czech Republic,70.186.126.75,public,A
746,Wanids,Orrin,Female,worrinkp@nydailynews.com,commercial,,87.7.136.134,public,A
747,Lorrie,Instone,Genderfluid,linstonekq@tripod.com,commercial,,238.35.40.75,public,D
748,Zandra,Kembrey,Genderfluid,zkembreykr@wordpress.com,commercial,,43.173.241.158,public,A
749,Ianthe,Pittel,Genderfluid,ipittelks@squarespace.com,commercial,,204.105.101.138,public,C
750,Catharine,Fabry,Male,cfabrykt@ameblo.jp,,Japan,133.201.21.116,public,B
751,Robinett,Kinver,Genderfluid,rkinverku@g.co,,Colombia,1.4.16.197,public,A
752,Karyl,Profit,Male,kprofitkv@uol.com.br,commercial,Brazil,185.49.179.18,public,B
753,Lianna,Tallis,Male,ltalliskw@tumblr.com,commercial,,167.77.174.139,public,B
754,Lanae,Cundy,Female,lcundykx@usda.gov,US Government,,52.250.241.38,public,A
755,Curtis,Giacovelli,Non-binary,cgiacovelliky@dagondesign.com,commercial,,224.230.187.157,public,D
756,Marianna,Soles,Female,msoleskz@devhub.com,commercial,,130.161.119.224,public,B
757,Rosemonde,Celez,Polygender,rcelezl0@prnewswire.com,commercial,,124.11.168.219,public,A
758,Ignazio,Judkins,Bigender,ijudkinsl1@arstechnica.com,commercial,,188.60.90.122,public,B
759,Emmet,Alton,Genderfluid,ealtonl2@archive.org,organization,,127.112.118.120,private,
760,Barth,Velareal,Genderqueer,bvelareall3@github.com,commercial,,121.210.149.181,public,A
761,Bobbe,Hagley,Non-binary,bhagleyl4@wired.com,commercial,,1.193.121.119,public,A
762,Earlie,Manclark,Genderqueer,emanclarkl5@slideshare.net,network,,225.213.203.231,public,D
763,Hynda,Normansell,Non-binary,hnormanselll6@squidoo.com,commercial,,240.148.227.115,private,
764,Waldo,Tattoo,Genderqueer,wtattool7@toplist.cz,,Czech Republic,53.213.230.255,public,A
765,Egor,Tanswill,Female,etanswilll8@cpanel.net,network,,183.180.165.96,public,B
766,Florella,Joyson,Agender,fjoysonl9@mac.com,commercial,,219.252.178.187,public,C
767,Sam,Meaden,Genderqueer,smeadenla@wp.com,commercial,,165.3.157.148,public,B
768,Giles,Spikeings,Genderqueer,gspikeingslb@sourceforge.net,network,,51.5.159.19,public,A
769,Mart,Meale,Agender,mmealelc@mapy.cz,,Czech Republic,224.115.195.72,public,D
770,Gwenneth,Schafer,Agender,gschaferld@jalbum.net,network,,194.141.204.40,public,C
771,Chaddie,Overthrow,Non-binary,coverthrowle@hhs.gov,US Government,,251.146.147.199,private,
772,Zollie,Tomasek,Non-binary,ztomaseklf@intel.com,commercial,,119.143.2.218,public,A
773,Shalom,Egdell,Genderfluid,segdelllg@naver.com,commercial,,202.133.204.232,public,C
774,Steve,Jeaycock,Polygender,sjeaycocklh@typepad.com,commercial,,200.178.133.97,public,C
775,Hildegaard,Tumbelty,Male,htumbeltyli@chron.com,commercial,,159.52.177.87,public,B
776,Dunc,O'Hone,Bigender,dohonelj@gmpg.org,organization,,57.131.15.164,public,A
777,Evyn,Lacy,Polygender,elacylk@whitehouse.gov,US Government,,169.71.156.195,public,B
778,Korrie,Fairman,Genderfluid,kfairmanll@ustream.tv,,Tuvalu,195.89.16.8,public,C
779,Tarrah,Casina,Genderfluid,tcasinalm@bigcartel.com,commercial,,231.251.120.155,public,D
780,Beltran,Donaghie,Polygender,bdonaghieln@facebook.com,commercial,,159.64.120.128,public,B
781,Domenico,Keinrat,Male,dkeinratlo@samsung.com,commercial,,220.175.234.44,public,C
782,Sheff,Spoors,Bigender,sspoorslp@google.com.au,commercial,Australia,104.150.182.209,public,A
783,Lethia,Vanderplas,Male,lvanderplaslq@surveymonkey.com,commercial,,2.36.30.192,public,A
784,Web,Teers,Female,wteerslr@cmu.edu,education,,115.119.200.29,public,A
785,Ninnette,Dunsleve,Agender,ndunslevels@netscape.com,commercial,,43.190.191.185,public,A
786,Corrina,Hatchell,Polygender,chatchelllt@homestead.com,commercial,,47.99.243.6,public,A
787,Hali,Eggins,Bigender,hegginslu@netscape.com,commercial,,54.229.95.225,public,A
788,Val,Ramel,Female,vramellv@vimeo.com,commercial,,218.130.20.28,public,C
789,Evelina,Guidetti,Male,eguidettilw@rambler.ru,,Russian Federation,197.87.209.255,public,C
790,Jolie,Lambertini,Non-binary,jlambertinilx@ihg.com,commercial,,125.23.114.205,public,A
791,Sky,Antonich,Genderqueer,santonichly@cbsnews.com,commercial,,183.98.45.233,public,B
792,Ddene,Gulk,Bigender,dgulklz@cdc.gov,US Government,,88.86.70.106,public,A
793,Siouxie,Loseke,Polygender,slosekem0@nature.com,commercial,,114.106.82.36,public,A
794,Conrado,Gianolini,Genderfluid,cgianolinim1@go.com,commercial,,106.182.53.169,public,A
795,Joseito,Beany,Bigender,jbeanym2@google.es,,Spain,248.36.108.158,private,
796,Bruce,Matysiak,Genderqueer,bmatysiakm3@tumblr.com,commercial,,188.223.173.193,public,B
797,Abraham,Knutton,Non-binary,aknuttonm4@businessweek.com,commercial,,191.166.25.16,public,B
798,Howie,Braikenridge,Non-binary,hbraikenridgem5@mysql.com,commercial,,184.70.124.23,public,B
799,Ruttger,Duck,Bigender,rduckm6@sourceforge.net,network,,33.183.146.193,public,A
800,Florance,Brittian,Male,fbrittianm7@friendfeed.com,commercial,,238.39.233.236,public,D
801,Gizela,Domleo,Male,gdomleom8@hud.gov,US Government,,153.146.109.173,public,B
802,Marje,Greenall,Agender,mgreenallm9@macromedia.com,commercial,,220.245.234.41,public,C
803,Hillie,Baumer,Genderqueer,hbaumerma@huffingtonpost.com,commercial,,113.115.164.226,public,A
804,Otes,Lowrie,Genderfluid,olowriemb@purevolume.com,commercial,,102.212.6.105,public,A
805,Vicki,Costley,Bigender,vcostleymc@fda.gov,US Government,,202.194.178.233,public,C
806,Cathrine,Whistlecraft,Bigender,cwhistlecraftmd@aboutads.info,,,207.3.23.3,public,C
807,Bendix,Goodboddy,Polygender,bgoodboddyme@answers.com,commercial,,152.97.131.43,public,B
808,Nelly,Mewton,Bigender,nmewtonmf@redcross.org,organization,,186.142.218.148,public,B
809,Sly,Chasmer,Non-binary,schasmermg@deviantart.com,commercial,,251.237.10.175,private,
810,Leda,Pietri,Female,lpietrimh@sciencedaily.com,commercial,,132.88.116.185,public,B
811,Anabal,Chelsom,Bigender,achelsommi@about.com,commercial,,64.16.15.150,public,A
812,Danita,Das,Non-binary,ddasmj@nyu.edu,education,,252.126.38.99,private,
813,Avictor,Moral,Bigender,amoralmk@chicagotribune.com,commercial,,81.182.3.96,public,A
814,Durant,Yukhnini,Agender,dyukhniniml@printfriendly.com,commercial,,40.78.162.167,public,A
815,Ryley,Liptrot,Genderqueer,rliptrotmm@hubpages.com,commercial,,72.196.253.252,public,A
816,Meridith,Petry,Polygender,mpetrymn@ucla.edu,education,,34.82.142.61,public,A
817,Ertha,Franke,Bigender,efrankemo@ucoz.com,commercial,,137.69.181.240,public,B
818,Burg,Ellin,Male,bellinmp@hhs.gov,US Government,,16.152.114.97,public,A
819,Laural,Skokoe,Agender,lskokoemq@unesco.org,organization,,41.246.178.229,public,A
820,Billie,Blemings,Agender,bblemingsmr@google.co.uk,,Colombia,107.143.120.231,public,A
821,Olivette,Ties,Female,otiesms@purevolume.com,commercial,,67.239.137.131,public,A
822,Jane,Northgraves,Female,jnorthgravesmt@skyrock.com,commercial,,98.76.91.173,public,A
823,Newton,Burdell,Genderqueer,nburdellmu@paginegialle.it,,Italy,110.84.49.9,public,A
824,Balduin,Tunney,Genderfluid,btunneymv@youtube.com,commercial,,131.209.85.137,public,B
825,Juditha,Stanbro,Female,jstanbromw@imgur.com,commercial,,111.248.210.237,public,A
826,Leeann,McDermid,Genderfluid,lmcdermidmx@canalblog.com,commercial,,231.152.28.229,public,D
827,Alanah,Cariss,Genderqueer,acarissmy@acquirethisname.com,commercial,,125.58.18.7,public,A
828,Cathe,Goman,Male,cgomanmz@salon.com,commercial,,217.57.196.13,public,C
829,Carlie,O'Currigan,Non-binary,cocurrigann0@t-online.de,,Germany,135.111.130.187,public,B
830,Mei,Brade,Genderqueer,mbraden1@noaa.gov,US Government,,9.32.166.7,public,A
831,Allx,Donoher,Bigender,adonohern2@wp.com,commercial,,107.183.202.70,public,A
832,Sacha,Sparshott,Non-binary,ssparshottn3@cam.ac.uk,,,10.212.228.129,private,A
833,Shaina,Dumberrill,Female,sdumberrilln4@prlog.org,organization,,164.71.157.174,public,B
834,Selinda,Wapples,Polygender,swapplesn5@uiuc.edu,education,,251.6.166.125,private,
835,Lilyan,Floyed,Genderfluid,lfloyedn6@patch.com,commercial,,132.202.89.163,public,B
836,Myrta,Gianettini,Genderqueer,mgianettinin7@abc.net.au,network,Australia,12.206.159.1,public,A
837,Kassia,Duiged,Agender,kduigedn8@1und1.de,,Germany,101.62.15.86,public,A
838,Chip,Paramore,Male,cparamoren9@illinois.edu,education,,234.47.57.132,public,D
839,Josh,Page,Polygender,jpagena@google.co.jp,,Japan,91.93.242.187,public,A
840,De witt,Francais,Polygender,dfrancaisnb@marriott.com,commercial,,241.73.17.58,private,
841,Krista,Ambrosch,Male,kambroschnc@hugedomains.com,commercial,,229.7.82.87,public,D
842,Juliann,Rodrig,Agender,jrodrignd@huffingtonpost.com,commercial,,248.240.6.232,private,
843,Tobey,Bizzey,Non-binary,tbizzeyne@omniture.com,commercial,,93.56.0.243,public,A
844,Celeste,Romayne,Female,cromaynenf@stanford.edu,education,,169.198.57.189,public,B
845,Dexter,Bugg,Agender,dbuggng@shinystat.com,commercial,,47.209.109.39,public,A
846,Auberta,Keetch,Genderqueer,akeetchnh@scientificamerican.com,commercial,,175.213.176.80,public,B
847,Terri,Clarage,Genderqueer,tclarageni@twitpic.com,commercial,,241.77.230.219,private,
848,Aggy,Ferrarin,Genderfluid,aferrarinnj@tinypic.com,commercial,,13.127.20.99,public,A
849,Nikos,Banaszkiewicz,Male,nbanaszkiewicznk@creativecommons.org,organization,,211.27.4.73,public,C
850,Marylee,Wainscot,Bigender,mwainscotnl@ftc.gov,US Government,,33.179.128.173,public,A
851,Kyrstin,Matfin,Agender,kmatfinnm@shop-pro.jp,,Japan,2.10.230.4,public,A
852,Basil,Lukovic,Polygender,blukovicnn@google.it,,Italy,81.149.67.132,public,A
853,Francesco,Turford,Agender,fturfordno@youtube.com,commercial,,243.83.121.229,private,
854,Saunders,Wraggs,Non-binary,swraggsnp@cornell.edu,education,,174.161.253.244,public,B
855,Pearline,Hallwell,Polygender,phallwellnq@ted.com,commercial,,64.91.28.93,public,A
856,Camel,Headech,Female,cheadechnr@altervista.org,organization,,228.68.83.70,public,D
857,Josias,McKay,Genderfluid,jmckayns@comsenz.com,commercial,,226.18.184.62,public,D
858,Diane-marie,Pendrick,Male,dpendricknt@comsenz.com,commercial,,210.96.158.210,public,C
859,Adrian,MacCosto,Genderqueer,amaccostonu@webmd.com,commercial,,183.4.92.221,public,B
860,Berny,Werner,Genderfluid,bwernernv@pen.io,,British Indian Ocean Territory,228.139.24.37,public,D
861,Margaretha,Cruxton,Genderfluid,mcruxtonnw@tumblr.com,commercial,,202.252.255.152,public,C
862,Vitoria,Verrillo,Genderqueer,vverrillonx@home.pl,,Poland,223.20.127.94,public,C
863,Kalindi,Woolland,Polygender,kwoollandny@sfgate.com,commercial,,60.232.180.45,public,A
864,Clive,Gietz,Agender,cgietznz@telegraph.co.uk,,Colombia,4.14.179.76,public,A
865,Rossie,Parsons,Polygender,rparsonso0@ycombinator.com,commercial,,101.191.233.169,public,A
866,Ezri,Kernocke,Female,ekernockeo1@ebay.com,commercial,,231.19.218.152,public,D
867,Tucker,Hellyar,Genderqueer,thellyaro2@un.org,organization,,109.197.184.250,public,A
868,Hailee,Cordero,Bigender,hcorderoo3@1688.com,commercial,,73.177.97.95,public,A
869,Roxana,Burkart,Female,rburkarto4@spiegel.de,,Germany,222.131.28.44,public,C
870,Ethelyn,Style,Polygender,estyleo5@disqus.com,commercial,,234.128.10.182,public,D
871,Ema,Haining,Male,ehainingo6@dailymotion.com,commercial,,228.230.89.101,public,D
872,Reine,Isgar,Agender,risgaro7@youtube.com,commercial,,109.127.116.116,public,A
873,Andree,Dewing,Female,adewingo8@ning.com,commercial,,170.56.35.107,public,B
874,Gregorius,Soane,Genderqueer,gsoaneo9@fda.gov,US Government,,28.90.148.111,public,A
875,Chip,Olivi,Agender,colivioa@4shared.com,commercial,,160.159.17.168,public,B
876,Bartlett,MacGoun,Non-binary,bmacgounob@sun.com,commercial,,176.127.110.173,public,B
877,Codi,Benda,Bigender,cbendaoc@weibo.com,commercial,,133.43.174.173,public,B
878,Cynthie,Hasselby,Non-binary,chasselbyod@sakura.ne.jp,,Japan,45.3.36.227,public,A
879,Ernaline,Van den Hof,Polygender,evandenhofoe@usda.gov,US Government,,238.162.232.147,public,D
880,Fionna,Leeburn,Male,fleeburnof@ameblo.jp,,Japan,153.158.87.5,public,B
881,Lev,Callendar,Female,lcallendarog@nsw.gov.au,US Government,Australia,244.165.130.8,private,
882,Merrilee,Face,Polygender,mfaceoh@apple.com,commercial,,133.220.209.210,public,B
883,Angil,O'Lynn,Male,aolynnoi@weather.com,commercial,,56.164.19.99,public,A
884,Rosanne,Hallsworth,Male,rhallsworthoj@wix.com,commercial,,122.139.13.147,public,A
885,Gary,Joder,Genderqueer,gjoderok@rakuten.co.jp,,Japan,119.101.215.205,public,A
886,Natalee,Rosenbush,Male,nrosenbushol@fastcompany.com,commercial,,65.53.70.141,public,A
887,Kelley,Phalip,Male,kphalipom@buzzfeed.com,commercial,,199.247.78.172,public,C
888,Faydra,Pemble,Genderqueer,fpembleon@soundcloud.com,commercial,,93.179.230.117,public,A
889,Viki,Burgise,Non-binary,vburgiseoo@wunderground.com,commercial,,41.104.27.46,public,A
890,Matthew,Innot,Non-binary,minnotop@spiegel.de,,Germany,80.86.227.67,public,A
891,Kordula,Reinbeck,Polygender,kreinbeckoq@msn.com,commercial,,176.51.113.229,public,B
892,Mortimer,Kindell,Female,mkindellor@g.co,,Colombia,109.219.140.251,public,A
893,Quent,Maron,Female,qmaronos@elegantthemes.com,commercial,,132.244.180.120,public,B
894,Egan,Angless,Agender,eanglessot@cam.ac.uk,,,72.191.189.18,public,A
895,Berkly,Cambling,Bigender,bcamblingou@accuweather.com,commercial,,188.14.240.246,public,B
896,Mohandas,Coates,Genderfluid,mcoatesov@oracle.com,commercial,,99.47.56.94,public,A
897,Lanita,Sheircliffe,Bigender,lsheircliffeow@creativecommons.org,organization,,213.207.238.240,public,C
898,Ellis,Yerrall,Agender,eyerrallox@soundcloud.com,commercial,,169.211.207.208,public,B
899,Farleigh,Hales,Polygender,fhalesoy@ebay.co.uk,,Colombia,208.114.97.28,public,C
900,Dniren,Nelmes,Genderqueer,dnelmesoz@unc.edu,education,,21.133.44.113,public,A
901,Ody,Crellin,Male,ocrellinp0@wikimedia.org,organization,,229.19.84.115,public,D
902,Stirling,Jennaroy,Agender,sjennaroyp1@tripod.com,commercial,,128.198.80.166,public,B
903,Randee,Bratten,Male,rbrattenp2@php.net,network,,117.209.218.178,public,A
904,Roda,Langworthy,Non-binary,rlangworthyp3@wiley.com,commercial,,143.144.213.179,public,B
905,Ange,Savins,Polygender,asavinsp4@rediff.com,commercial,,150.50.110.14,public,B
906,Veradis,Frude,Bigender,vfrudep5@dot.gov,US Government,,105.115.198.200,public,A
907,Annaliese,Lescop,Male,alescopp6@clickbank.net,network,,224.86.103.245,public,D
908,Osbourne,Gaize,Polygender,ogaizep7@surveymonkey.com,commercial,,155.131.66.106,public,B
909,Alfred,Gueste,Polygender,aguestep8@omniture.com,commercial,,23.28.116.77,public,A
910,Blanca,Halford,Non-binary,bhalfordp9@sitemeter.com,commercial,,211.66.217.105,public,C
911,Shirlene,Everall,Genderfluid,severallpa@myspace.com,commercial,,122.95.11.194,public,A
912,Dianna,Woloschin,Agender,dwoloschinpb@oakley.com,commercial,,103.95.224.157,public,A
913,Eddi,Choppin,Genderfluid,echoppinpc@un.org,organization,,69.204.55.34,public,A
914,Bourke,Garshore,Genderqueer,bgarshorepd@gov.uk,US Government,,242.87.150.115,private,
915,Moritz,Besantie,Male,mbesantiepe@plala.or.jp,,Japan,35.248.235.38,public,A
916,Leora,Pietzker,Non-binary,lpietzkerpf@toplist.cz,,Czech Republic,59.32.167.52,public,A
917,Fletch,Humble,Polygender,fhumblepg@ezinearticles.com,commercial,,134.156.108.193,public,B
918,Cornelius,Delacourt,Polygender,cdelacourtph@163.com,commercial,,220.34.226.170,public,C
919,Francisco,Scrace,Genderfluid,fscracepi@shop-pro.jp,,Japan,70.153.85.205,public,A
920,Town,Sandbatch,Female,tsandbatchpj@timesonline.co.uk,,Colombia,196.23.28.197,public,C
921,Philipa,Renyard,Female,prenyardpk@reverbnation.com,commercial,,88.112.147.205,public,A
922,Elfie,Peterken,Male,epeterkenpl@flavors.me,,Montenegro,76.69.245.195,public,A
923,Hubert,Melby,Bigender,hmelbypm@dedecms.com,commercial,,123.44.99.188,public,A
924,Syman,Sarle,Bigender,ssarlepn@indiatimes.com,commercial,,7.200.215.34,public,A
925,Sarette,Buchan,Polygender,sbuchanpo@msn.com,commercial,,225.15.91.164,public,D
926,Danyette,Farlowe,Agender,dfarlowepp@woothemes.com,commercial,,117.138.133.139,public,A
927,Hussein,De Vaar,Non-binary,hdevaarpq@cbc.ca,,Canada,192.247.196.249,public,C
928,Brittney,Dickon,Genderqueer,bdickonpr@opera.com,commercial,,224.52.19.0,public,D
929,Morton,Chadburn,Female,mchadburnps@google.fr,,France,148.242.179.110,public,B
930,Artair,Tremblett,Agender,atremblettpt@craigslist.org,organization,,84.15.255.97,public,A
931,Candi,MacScherie,Genderfluid,cmacscheriepu@clickbank.net,network,,41.209.199.154,public,A
932,Tito,Frisch,Polygender,tfrischpv@rediff.com,commercial,,214.22.199.49,public,C
933,Katinka,Etheridge,Genderqueer,ketheridgepw@independent.co.uk,,Colombia,98.131.65.36,public,A
934,Maddy,Bratley,Female,mbratleypx@npr.org,organization,,161.33.0.52,public,B
935,Gretta,Heynel,Bigender,gheynelpy@nationalgeographic.com,commercial,,219.222.224.100,public,C
936,Anastassia,Harford,Genderqueer,aharfordpz@nba.com,commercial,,199.241.112.125,public,C
937,Denise,Prozillo,Female,dprozilloq0@discuz.net,network,,5.200.32.13,public,A
938,Vivianna,Scotchmor,Non-binary,vscotchmorq1@soup.io,,British Indian Ocean Territory,134.127.115.217,public,B
939,Casey,Sterke,Male,csterkeq2@rediff.com,commercial,,34.228.247.251,public,A
940,Cyrille,Dadley,Polygender,cdadleyq3@github.io,,British Indian Ocean Territory,207.215.135.157,public,C
941,Fulton,Eates,Non-binary,featesq4@salon.com,commercial,,112.38.229.144,public,A
942,Holden,Marques,Genderqueer,hmarquesq5@ifeng.com,commercial,,199.186.59.120,public,C
943,Loralyn,Amiranda,Genderfluid,lamirandaq6@mail.ru,,Russian Federation,178.245.219.90,public,B
944,Fiorenze,Phelit,Bigender,fphelitq7@mapy.cz,,Czech Republic,85.95.123.146,public,A
945,Rodolphe,St. Paul,Genderqueer,rstpaulq8@amazon.co.uk,,Colombia,41.129.131.78,public,A
946,Ban,Taggart,Non-binary,btaggartq9@nyu.edu,education,,175.222.254.186,public,B
947,Janine,Pearton,Genderfluid,jpeartonqa@jiathis.com,commercial,,45.238.40.4,public,A
948,Araldo,Fillon,Female,afillonqb@umich.edu,education,,169.58.51.95,public,B
949,Lizbeth,Whymark,Female,lwhymarkqc@google.com.au,commercial,Australia,97.204.144.34,public,A
950,Ketty,Pitchford,Genderfluid,kpitchfordqd@chicagotribune.com,commercial,,188.120.113.27,public,B
951,Shem,Ferber,Agender,sferberqe@whitehouse.gov,US Government,,2.17.238.142,public,A
952,Antonino,Giblett,Genderqueer,agiblettqf@goo.ne.jp,,Japan,143.239.97.65,public,B
953,Barbi,Shaves,Agender,bshavesqg@w3.org,organization,,136.32.244.207,public,B
954,Marcy,Ridhole,Female,mridholeqh@canalblog.com,commercial,,140.10.110.196,public,B
955,Blythe,Andras,Agender,bandrasqi@java.com,commercial,,234.35.7.36,public,D
956,Alicia,Senchenko,Agender,asenchenkoqj@apple.com,commercial,,80.75.57.232,public,A
957,Morena,Kiljan,Polygender,mkiljanqk@pbs.org,organization,,154.133.231.229,public,B
958,Gwennie,Wherrett,Genderfluid,gwherrettql@wordpress.org,organization,,63.161.250.194,public,A
959,Kevin,Trinke,Female,ktrinkeqm@mysql.com,commercial,,79.107.129.189,public,A
960,Cicily,Rebillard,Polygender,crebillardqn@gravatar.com,commercial,,76.161.234.83,public,A
961,Reinhold,Charlin,Agender,rcharlinqo@ustream.tv,,Tuvalu,192.87.48.119,public,C
962,Joelynn,Janney,Genderfluid,jjanneyqp@ed.gov,US Government,,246.137.43.39,private,
963,Yolane,Gligoraci,Polygender,ygligoraciqq@japanpost.jp,,Japan,161.163.42.152,public,B
964,Richardo,Trill,Polygender,rtrillqr@imageshack.us,,United States,103.24.129.147,public,A
965,Homere,Stockley,Polygender,hstockleyqs@europa.eu,,,168.8.96.142,public,B
966,Malissa,Kee,Polygender,mkeeqt@wiley.com,commercial,,55.231.54.55,public,A
967,Benita,Buyers,Agender,bbuyersqu@bravesites.com,commercial,,160.47.118.149,public,B
968,Tamara,Dadds,Genderfluid,tdaddsqv@earthlink.net,network,,10.196.173.55,private,A
969,Karil,Ebanks,Polygender,kebanksqw@bravesites.com,commercial,,114.72.167.7,public,A
970,Lucius,Giamuzzo,Non-binary,lgiamuzzoqx@wikispaces.com,commercial,,173.76.242.26,public,B
971,Lynnett,De Gregorio,Male,ldegregorioqy@engadget.com,commercial,,26.172.19.245,public,A
972,Sanderson,Probyn,Genderfluid,sprobynqz@examiner.com,commercial,,220.201.90.117,public,C
973,Verna,Laidel,Polygender,vlaidelr0@utexas.edu,education,,158.41.2.113,public,B
974,Genovera,Rubra,Genderfluid,grubrar1@instagram.com,commercial,,65.23.182.103,public,A
975,Barnabe,Runham,Non-binary,brunhamr2@icq.com,commercial,,250.107.175.225,private,
976,Guillema,Ditts,Female,gdittsr3@lycos.com,commercial,,19.56.64.191,public,A
977,Tore,Hadkins,Genderfluid,thadkinsr4@prweb.com,commercial,,28.35.189.211,public,A
978,Kali,Kupka,Non-binary,kkupkar5@newyorker.com,commercial,,198.48.11.8,public,C
979,Inness,Karpov,Non-binary,ikarpovr6@admin.ch,,Switzerland,208.190.126.183,public,C
980,Simmonds,Kybbye,Polygender,skybbyer7@reddit.com,commercial,,124.195.0.222,public,A
981,Mendel,Rosenzveig,Polygender,mrosenzveigr8@state.gov,US Government,,201.1.148.64,public,C
982,Meaghan,Olivi,Agender,molivir9@prlog.org,organization,,52.1.87.181,public,A
983,Moyna,O'Crigan,Non-binary,mocriganra@google.com.br,commercial,Brazil,211.96.247.217,public,C
984,Fabien,Hesse,Genderqueer,fhesserb@fc2.com,commercial,,25.13.218.25,public,A
985,Sybyl,Kurten,Male,skurtenrc@google.com.hk,commercial,Hong Kong,65.49.214.149,public,A
986,De witt,Hamblington,Female,dhamblingtonrd@alexa.com,commercial,,77.209.118.67,public,A
987,Shelba,Luddy,Bigender,sluddyre@noaa.gov,US Government,,236.29.201.249,public,D
988,Gail,Travis,Agender,gtravisrf@unicef.org,organization,,241.179.246.208,private,
989,Antone,Bradwell,Genderfluid,abradwellrg@cbc.ca,,Canada,30.163.162.85,public,A
990,Batsheva,Cradduck,Bigender,bcradduckrh@vkontakte.ru,,Russian Federation,253.18.4.203,private,
991,Dicky,Branigan,Genderfluid,dbraniganri@hhs.gov,US Government,,89.57.32.247,public,A
992,Tasha,Islep,Agender,tisleprj@gnu.org,organization,,7.246.81.44,public,A
993,Joellyn,Chestle,Genderfluid,jchestlerk@delicious.com,commercial,,212.111.15.217,public,C
994,Blondy,Shiell,Female,bshiellrl@fema.gov,US Government,,197.146.36.155,public,C
995,Gracie,Botger,Polygender,gbotgerrm@scientificamerican.com,commercial,,70.137.63.180,public,A
996,Roxana,Prandi,Agender,rprandirn@ox.ac.uk,,,227.67.205.244,public,D
997,Matthus,Chadwin,Female,mchadwinro@hibu.com,commercial,,189.120.124.155,public,B
998,Artur,Fairbanks,Bigender,afairbanksrp@live.com,commercial,,246.169.244.242,private,
999,Amalee,Bingall,Genderqueer,abingallrq@yandex.ru,,Russian Federation,16.201.179.189,public,A
1000,Gunther,Karlik,Genderfluid,gkarlikrr@smh.com.au,commercial,Australia,0.14.221.255,private,
